# source: derived from data/processed/wtw_agg_2017_2024.csv (CEPII BACI HS17 V202601, Etalab 2.0),
#         data/processed/wdi_gdp_1995_2024.csv (World Bank WDI NY.GDP.MKTP.CD),
#         data/processed/us_import_shares.csv (US Census FT900 country workbook)
# built: 2026-07-30
# script: analysis/21_actuals_metrics.py
# schema: block,metric,period,entity,value,unit  (tidy long; period = year or window '2018->2024')
# units: busd = billions of current USD; pct = percent; pp = percentage points; hhi on 0-10,000 scale
# conventions: trade share=(exp+imp)/(2*world); ASEAN10 gross incl. intra-bloc; betweenness on directed
#   graph with distance=1/value (Dijkstra, normalized); gravity = per-year OLS ln(v_ij)~ln(gdp_i)+ln(gdp_j)
#   (numpy lstsq, no distance term -- DESCRIPTIVE residual, not the published model); WDI-missing
#   economies (TWN, PRK, ...) excluded from GDP-based blocks -- TWN is the only top-15 trader affected
# note: BACI mirror-consistent FOB values; levels differ from US Census customs-basis imports by ~1pp
#   of share -- the (MEX+ASEAN10)-CHN gap is computed on BOTH bases in block 'us_import_gap'
# caveat: countries with betweenness exactly 0 form a tie group (rank = first tied rank, method='min');
#   MEX and VNM are 0 in BOTH 2018 and 2024 (they lie on no weighted shortest paths) -- their
#   'betweenness_rank_shift' rows are tie artifacts, not real movement; see world-block
#   'betweenness_nonzero_countries' for the size of the ranked (nonzero) set
block,metric,period,entity,value,unit
world,total_trade_busd,2017,WORLD,17034.895051623,busd
world,active_dyads,2017,WORLD,26469.0,count
world,top20_exporter_share_pct,2017,WORLD,71.37755427187994,pct
world,exporter_hhi,2017,WORLD,476.56456514907836,hhi
country,exports_busd,2017,USA,1475.305122924,busd
country,imports_busd,2017,USA,2274.243094334,busd
country,exports_busd,2017,CHN,2475.618567416,busd
country,imports_busd,2017,CHN,1508.184231435,busd
country,exports_busd,2017,MEX,417.693598638,busd
country,imports_busd,2017,MEX,368.248998569,busd
country,exports_busd,2017,ASEAN10,1299.595788336,busd
country,imports_busd,2017,ASEAN10,1197.185849566,busd
world,total_trade_busd,2018,WORLD,19040.248976205,busd
world,active_dyads,2018,WORLD,29225.0,count
world,top20_exporter_share_pct,2018,WORLD,69.78968743597552,pct
world,exporter_hhi,2018,WORLD,455.6694865571878,hhi
country,exports_busd,2018,USA,1594.576356039,busd
country,imports_busd,2018,USA,2473.775439531,busd
country,exports_busd,2018,CHN,2706.552503506,busd
country,imports_busd,2018,CHN,1740.578365731,busd
country,exports_busd,2018,MEX,468.909251965,busd
country,imports_busd,2018,MEX,408.240304652,busd
country,exports_busd,2018,ASEAN10,1514.072360615,busd
country,imports_busd,2018,ASEAN10,1457.913510113,busd
world,total_trade_busd,2019,WORLD,18503.756735484,busd
world,active_dyads,2019,WORLD,30445.0,count
world,top20_exporter_share_pct,2019,WORLD,69.87922161830552,pct
world,exporter_hhi,2019,WORLD,456.9533427211484,hhi
country,exports_busd,2019,USA,1556.474163361,busd
country,imports_busd,2019,USA,2423.322954992,busd
country,exports_busd,2019,CHN,2648.932668178,busd
country,imports_busd,2019,CHN,1681.801648045,busd
country,exports_busd,2019,MEX,480.972503042,busd
country,imports_busd,2019,MEX,398.100332653,busd
country,exports_busd,2019,ASEAN10,1503.371607432,busd
country,imports_busd,2019,ASEAN10,1413.177669558,busd
world,total_trade_busd,2020,WORLD,17160.716192199,busd
world,active_dyads,2020,WORLD,30558.0,count
world,top20_exporter_share_pct,2020,WORLD,70.599252987544,pct
world,exporter_hhi,2020,WORLD,483.3416217560735,hhi
country,exports_busd,2020,USA,1373.146197397,busd
country,imports_busd,2020,USA,2280.859941457,busd
country,exports_busd,2020,CHN,2652.609328588,busd
country,imports_busd,2020,CHN,1634.462494481,busd
country,exports_busd,2020,MEX,435.342594802,busd
country,imports_busd,2020,MEX,337.319146364,busd
country,exports_busd,2020,ASEAN10,1461.728544213,busd
country,imports_busd,2020,ASEAN10,1307.085513068,busd
world,total_trade_busd,2021,WORLD,21531.492371413,busd
world,active_dyads,2021,WORLD,31608.0,count
world,top20_exporter_share_pct,2021,WORLD,69.68547873100978,pct
world,exporter_hhi,2021,WORLD,473.09715414970856,hhi
country,exports_busd,2021,USA,1679.274372944,busd
country,imports_busd,2021,USA,2773.520428753,busd
country,exports_busd,2021,CHN,3342.500287192,busd
country,imports_busd,2021,CHN,2110.104824139,busd
country,exports_busd,2021,MEX,513.516163027,busd
country,imports_busd,2021,MEX,459.380788821,busd
country,exports_busd,2021,ASEAN10,1817.468823177,busd
country,imports_busd,2021,ASEAN10,1628.990477092,busd
world,total_trade_busd,2022,WORLD,24184.0902643,busd
world,active_dyads,2022,WORLD,31648.0,count
world,top20_exporter_share_pct,2022,WORLD,68.09233618882064,pct
world,exporter_hhi,2022,WORLD,452.29324016962806,hhi
country,exports_busd,2022,USA,1977.378305885,busd
country,imports_busd,2022,USA,3183.100037108,busd
country,exports_busd,2022,CHN,3632.116604501,busd
country,imports_busd,2022,CHN,2198.073889148,busd
country,exports_busd,2022,MEX,593.239289703,busd
country,imports_busd,2022,MEX,530.551901836,busd
country,exports_busd,2022,ASEAN10,2076.227034785,busd
country,imports_busd,2022,ASEAN10,1873.56964261,busd
world,total_trade_busd,2023,WORLD,22937.839746496,busd
world,active_dyads,2023,WORLD,31676.0,count
world,top20_exporter_share_pct,2023,WORLD,68.45865816125858,pct
world,exporter_hhi,2023,WORLD,458.57686893397096,hhi
country,exports_busd,2023,USA,1922.351990226,busd
country,imports_busd,2023,USA,2977.062637892,busd
country,exports_busd,2023,CHN,3423.058275245,busd
country,imports_busd,2023,CHN,2087.550193901,busd
country,exports_busd,2023,MEX,621.212442077,busd
country,imports_busd,2023,MEX,549.744032585,busd
country,exports_busd,2023,ASEAN10,1898.338219257,busd
country,imports_busd,2023,ASEAN10,1707.103677331,busd
world,total_trade_busd,2024,WORLD,22859.231618696,busd
world,active_dyads,2024,WORLD,29542.0,count
world,top20_exporter_share_pct,2024,WORLD,68.92628051028863,pct
world,exporter_hhi,2024,WORLD,477.04610442745195,hhi
country,exports_busd,2024,USA,1896.473174002,busd
country,imports_busd,2024,USA,3124.274919898,busd
country,exports_busd,2024,CHN,3592.20553798,busd
country,imports_busd,2024,CHN,2067.199754718,busd
country,exports_busd,2024,MEX,650.806885507,busd
country,imports_busd,2024,MEX,560.509674791,busd
country,exports_busd,2024,ASEAN10,2030.570927198,busd
country,imports_busd,2024,ASEAN10,1851.035041841,busd
world,total_trade_growth_pct,2018->2024,WORLD,20.057419665381815,pct
world,total_trade_growth_pct,2021->2024,WORLD,6.166498932725251,pct
corridor,value_busd,2017,CHN->USA,492.682263643,busd
corridor,share_world_pct,2017,CHN->USA,2.8921942997004826,pct
corridor,share_dest_imports_pct,2017,CHN->USA,21.66357083244346,pct
corridor,value_busd,2018,CHN->USA,532.610978959,busd
corridor,share_world_pct,2018,CHN->USA,2.797289991452397,pct
corridor,share_dest_imports_pct,2018,CHN->USA,21.53028809518689,pct
corridor,value_busd,2019,CHN->USA,448.391208673,busd
corridor,share_world_pct,2019,CHN->USA,2.42324418269689,pct
corridor,share_dest_imports_pct,2019,CHN->USA,18.503155254206728,pct
corridor,value_busd,2020,CHN->USA,444.577513375,busd
corridor,share_world_pct,2020,CHN->USA,2.5906699254026364,pct
corridor,share_dest_imports_pct,2020,CHN->USA,19.491662126829517,pct
corridor,value_busd,2021,CHN->USA,531.931806341,busd
corridor,share_world_pct,2021,CHN->USA,2.4704827569093024,pct
corridor,share_dest_imports_pct,2021,CHN->USA,19.178939546522876,pct
corridor,value_busd,2022,CHN->USA,563.640906507,busd
corridor,share_world_pct,2022,CHN->USA,2.3306268722418464,pct
corridor,share_dest_imports_pct,2022,CHN->USA,17.70729477352823,pct
corridor,value_busd,2023,CHN->USA,440.686870463,busd
corridor,share_world_pct,2023,CHN->USA,1.9212222045902105,pct
corridor,share_dest_imports_pct,2023,CHN->USA,14.802740958619593,pct
corridor,value_busd,2024,CHN->USA,453.299418249,busd
corridor,share_world_pct,2024,CHN->USA,1.9830037413779806,pct
corridor,share_dest_imports_pct,2024,CHN->USA,14.508947831767607,pct
corridor,rank_among_dyads,2017,CHN->USA,1.0,rank
corridor,rank_among_dyads,2018,CHN->USA,1.0,rank
corridor,rank_among_dyads,2019,CHN->USA,1.0,rank
corridor,rank_among_dyads,2020,CHN->USA,1.0,rank
corridor,rank_among_dyads,2021,CHN->USA,1.0,rank
corridor,rank_among_dyads,2022,CHN->USA,1.0,rank
corridor,rank_among_dyads,2023,CHN->USA,2.0,rank
corridor,rank_among_dyads,2024,CHN->USA,2.0,rank
corridor,value_growth_pct,2018->2024,CHN->USA,-14.891086335662141,pct
corridor,dest_share_change_pp,2018->2024,CHN->USA,-7.021340263419283,pp
corridor,value_growth_pct,2021->2024,CHN->USA,-14.782418940669995,pct
corridor,dest_share_change_pp,2021->2024,CHN->USA,-4.66999171475527,pp
corridor,value_busd,2017,CHN->MEX,35.877770703,busd
corridor,share_world_pct,2017,CHN->MEX,0.21061339441349683,pct
corridor,share_dest_imports_pct,2017,CHN->MEX,9.742801974321585,pct
corridor,value_busd,2018,CHN->MEX,43.974339829,busd
corridor,share_world_pct,2018,CHN->MEX,0.23095464709498104,pct
corridor,share_dest_imports_pct,2018,CHN->MEX,10.771680142284199,pct
corridor,value_busd,2019,CHN->MEX,46.221557666,busd
corridor,share_world_pct,2019,CHN->MEX,0.24979553247888603,pct
corridor,share_dest_imports_pct,2019,CHN->MEX,11.610529777248022,pct
corridor,value_busd,2020,CHN->MEX,44.523678165,busd
corridor,share_world_pct,2020,CHN->MEX,0.25945116547781255,pct
corridor,share_dest_imports_pct,2020,CHN->MEX,13.199273935359319,pct
corridor,value_busd,2021,CHN->MEX,84.329886023,busd
corridor,share_world_pct,2021,CHN->MEX,0.3916583419687312,pct
corridor,share_dest_imports_pct,2021,CHN->MEX,18.35729487935978,pct
corridor,value_busd,2022,CHN->MEX,94.78776597,busd
corridor,share_world_pct,2022,CHN->MEX,0.3919426570695675,pct
corridor,share_dest_imports_pct,2022,CHN->MEX,17.86587997177702,pct
corridor,value_busd,2023,CHN->MEX,96.128338016,busd
corridor,share_world_pct,2023,CHN->MEX,0.41908191476786577,pct
corridor,share_dest_imports_pct,2023,CHN->MEX,17.486017549656054,pct
corridor,value_busd,2024,CHN->MEX,105.858985907,busd
corridor,share_world_pct,2024,CHN->MEX,0.4630907445743739,pct
corridor,share_dest_imports_pct,2024,CHN->MEX,18.886201374931158,pct
corridor,rank_among_dyads,2017,CHN->MEX,86.0,rank
corridor,rank_among_dyads,2018,CHN->MEX,75.0,rank
corridor,rank_among_dyads,2019,CHN->MEX,71.0,rank
corridor,rank_among_dyads,2020,CHN->MEX,69.0,rank
corridor,rank_among_dyads,2021,CHN->MEX,30.0,rank
corridor,rank_among_dyads,2022,CHN->MEX,28.0,rank
corridor,rank_among_dyads,2023,CHN->MEX,29.0,rank
corridor,rank_among_dyads,2024,CHN->MEX,23.0,rank
corridor,value_growth_pct,2018->2024,CHN->MEX,140.72899404208584,pct
corridor,dest_share_change_pp,2018->2024,CHN->MEX,8.11452123264696,pp
corridor,value_growth_pct,2021->2024,CHN->MEX,25.52962051689265,pct
corridor,dest_share_change_pp,2021->2024,CHN->MEX,0.5289064955713769,pp
corridor,value_busd,2017,CHN->VNM,70.900331495,busd
corridor,share_world_pct,2017,CHN->VNM,0.41620644729622197,pct
corridor,share_dest_imports_pct,2017,CHN->VNM,32.608987019619484,pct
corridor,value_busd,2018,CHN->VNM,73.281528218,busd
corridor,share_world_pct,2018,CHN->VNM,0.3848769430987035,pct
corridor,share_dest_imports_pct,2018,CHN->VNM,29.36286774393014,pct
corridor,value_busd,2019,CHN->VNM,85.618114568,busd
corridor,share_world_pct,2019,CHN->VNM,0.4627066589338216,pct
corridor,share_dest_imports_pct,2019,CHN->VNM,32.324102269517475,pct
corridor,value_busd,2020,CHN->VNM,97.415732494,busd
corridor,share_world_pct,2020,CHN->VNM,0.5676670565665768,pct
corridor,share_dest_imports_pct,2020,CHN->VNM,36.207870379333485,pct
corridor,value_busd,2021,CHN->VNM,118.082281723,busd
corridor,share_world_pct,2021,CHN->VNM,0.5484166154677502,pct
corridor,share_dest_imports_pct,2021,CHN->VNM,35.90764785251874,pct
corridor,value_busd,2022,CHN->VNM,126.45336648,busd
corridor,share_world_pct,2022,CHN->VNM,0.5228783266107287,pct
corridor,share_dest_imports_pct,2022,CHN->VNM,35.68596157342769,pct
corridor,value_busd,2023,CHN->VNM,119.150577449,busd
corridor,share_world_pct,2023,CHN->VNM,0.5194498643543863,pct
corridor,share_dest_imports_pct,2023,CHN->VNM,36.81184665545003,pct
corridor,value_busd,2024,CHN->VNM,158.76908934,busd
corridor,share_world_pct,2024,CHN->VNM,0.6945512954606343,pct
corridor,share_dest_imports_pct,2024,CHN->VNM,42.13339597268519,pct
corridor,rank_among_dyads,2017,CHN->VNM,25.0,rank
corridor,rank_among_dyads,2018,CHN->VNM,28.0,rank
corridor,rank_among_dyads,2019,CHN->VNM,22.0,rank
corridor,rank_among_dyads,2020,CHN->VNM,19.0,rank
corridor,rank_among_dyads,2021,CHN->VNM,19.0,rank
corridor,rank_among_dyads,2022,CHN->VNM,17.0,rank
corridor,rank_among_dyads,2023,CHN->VNM,18.0,rank
corridor,rank_among_dyads,2024,CHN->VNM,9.0,rank
corridor,value_growth_pct,2018->2024,CHN->VNM,116.65635693034284,pct
corridor,dest_share_change_pp,2018->2024,CHN->VNM,12.770528228755055,pp
corridor,value_growth_pct,2021->2024,CHN->VNM,34.45631895261305,pct
corridor,dest_share_change_pp,2021->2024,CHN->VNM,6.22574812016645,pp
corridor,value_busd,2017,CHN->THA,41.454609448,busd
corridor,share_world_pct,2017,CHN->THA,0.2433511290933983,pct
corridor,share_dest_imports_pct,2017,CHN->THA,19.307316907765664,pct
corridor,value_busd,2018,CHN->THA,49.486678355,busd
corridor,share_world_pct,2018,CHN->THA,0.25990562632266284,pct
corridor,share_dest_imports_pct,2018,CHN->THA,20.275895266668837,pct
corridor,value_busd,2019,CHN->THA,50.519577512,busd
corridor,share_world_pct,2019,CHN->THA,0.2730233553877218,pct
corridor,share_dest_imports_pct,2019,CHN->THA,22.306302238174794,pct
corridor,value_busd,2020,CHN->THA,52.385567363,busd
corridor,share_world_pct,2020,CHN->THA,0.30526445852425255,pct
corridor,share_dest_imports_pct,2020,CHN->THA,26.149130852367197,pct
corridor,value_busd,2021,CHN->THA,69.385077998,busd
corridor,share_world_pct,2021,CHN->THA,0.32224927469552184,pct
corridor,share_dest_imports_pct,2021,CHN->THA,26.807841516764384,pct
corridor,value_busd,2022,CHN->THA,75.445516112,busd
corridor,share_world_pct,2022,CHN->THA,0.3119634242490856,pct
corridor,share_dest_imports_pct,2022,CHN->THA,25.595815018562046,pct
corridor,value_busd,2023,CHN->THA,73.806730577,busd
corridor,share_world_pct,2023,CHN->THA,0.3217684463432297,pct
corridor,share_dest_imports_pct,2023,CHN->THA,26.980611246848852,pct
corridor,value_busd,2024,CHN->THA,83.809834989,busd
corridor,share_world_pct,2024,CHN->THA,0.36663452379761535,pct
corridor,share_dest_imports_pct,2024,CHN->THA,28.696545277823887,pct
corridor,rank_among_dyads,2017,CHN->THA,70.0,rank
corridor,rank_among_dyads,2018,CHN->THA,58.0,rank
corridor,rank_among_dyads,2019,CHN->THA,56.0,rank
corridor,rank_among_dyads,2020,CHN->THA,50.0,rank
corridor,rank_among_dyads,2021,CHN->THA,47.0,rank
corridor,rank_among_dyads,2022,CHN->THA,49.0,rank
corridor,rank_among_dyads,2023,CHN->THA,45.0,rank
corridor,rank_among_dyads,2024,CHN->THA,36.0,rank
corridor,value_growth_pct,2018->2024,CHN->THA,69.35837638521171,pct
corridor,dest_share_change_pp,2018->2024,CHN->THA,8.42065001115505,pp
corridor,value_growth_pct,2021->2024,CHN->THA,20.789422462587392,pct
corridor,dest_share_change_pp,2021->2024,CHN->THA,1.888703761059503,pp
corridor,value_busd,2017,CHN->MYS,40.057393165,busd
corridor,share_world_pct,2017,CHN->MYS,0.23514904578871196,pct
corridor,share_dest_imports_pct,2017,CHN->MYS,20.59091982469836,pct
corridor,value_busd,2018,CHN->MYS,46.005211242,busd
corridor,share_world_pct,2018,CHN->MYS,0.24162084907342168,pct
corridor,share_dest_imports_pct,2018,CHN->MYS,20.78773020463273,pct
corridor,value_busd,2019,CHN->MYS,44.057275732,busd
corridor,share_world_pct,2019,CHN->MYS,0.23809908637370336,pct
corridor,share_dest_imports_pct,2019,CHN->MYS,21.19669434995651,pct
corridor,value_busd,2020,CHN->MYS,44.859294064,busd
corridor,share_world_pct,2020,CHN->MYS,0.26140688746074797,pct
corridor,share_dest_imports_pct,2020,CHN->MYS,23.027932183703467,pct
corridor,value_busd,2021,CHN->MYS,59.782876158,busd
corridor,share_world_pct,2021,CHN->MYS,0.2776531934097272,pct
corridor,share_dest_imports_pct,2021,CHN->MYS,24.74670783857522,pct
corridor,value_busd,2022,CHN->MYS,66.680916605,busd
corridor,share_world_pct,2022,CHN->MYS,0.2757222449811678,pct
corridor,share_dest_imports_pct,2022,CHN->MYS,23.06300240368675,pct
corridor,value_busd,2023,CHN->MYS,62.13517934,busd
corridor,share_world_pct,2023,CHN->MYS,0.27088505293743637,pct
corridor,share_dest_imports_pct,2023,CHN->MYS,23.291350126872025,pct
corridor,value_busd,2024,CHN->MYS,71.883201457,busd
corridor,share_world_pct,2024,CHN->MYS,0.31446026995154336,pct
corridor,share_dest_imports_pct,2024,CHN->MYS,23.6487805615696,pct
corridor,rank_among_dyads,2017,CHN->MYS,75.0,rank
corridor,rank_among_dyads,2018,CHN->MYS,68.0,rank
corridor,rank_among_dyads,2019,CHN->MYS,75.0,rank
corridor,rank_among_dyads,2020,CHN->MYS,66.0,rank
corridor,rank_among_dyads,2021,CHN->MYS,58.0,rank
corridor,rank_among_dyads,2022,CHN->MYS,61.0,rank
corridor,rank_among_dyads,2023,CHN->MYS,68.0,rank
corridor,rank_among_dyads,2024,CHN->MYS,48.0,rank
corridor,value_growth_pct,2018->2024,CHN->MYS,56.25012801022626,pct
corridor,dest_share_change_pp,2018->2024,CHN->MYS,2.861050356936868,pp
corridor,value_growth_pct,2021->2024,CHN->MYS,20.24045358242732,pct
corridor,dest_share_change_pp,2021->2024,CHN->MYS,-1.0979272770056205,pp
corridor,value_busd,2017,CHN->IDN,36.802098215,busd
corridor,share_world_pct,2017,CHN->IDN,0.21603947722292355,pct
corridor,share_dest_imports_pct,2017,CHN->IDN,23.174844325084926,pct
corridor,value_busd,2018,CHN->IDN,45.862306323,busd
corridor,share_world_pct,2018,CHN->IDN,0.24087030784269203,pct
corridor,share_dest_imports_pct,2018,CHN->IDN,24.187482820538364,pct
corridor,value_busd,2019,CHN->IDN,44.943679874,busd
corridor,share_world_pct,2019,CHN->IDN,0.24288948734293014,pct
corridor,share_dest_imports_pct,2019,CHN->IDN,26.056748912755275,pct
corridor,value_busd,2020,CHN->IDN,40.484604193,busd
corridor,share_world_pct,2020,CHN->IDN,0.2359144207011808,pct
corridor,share_dest_imports_pct,2020,CHN->IDN,27.828612304920448,pct
corridor,value_busd,2021,CHN->IDN,57.291688978,busd
corridor,share_world_pct,2021,CHN->IDN,0.26608322353941993,pct
corridor,share_dest_imports_pct,2021,CHN->IDN,29.01732695696947,pct
corridor,value_busd,2022,CHN->IDN,68.712459529,busd
corridor,share_world_pct,2022,CHN->IDN,0.2841225730555255,pct
corridor,share_dest_imports_pct,2022,CHN->IDN,29.045797073737834,pct
corridor,value_busd,2023,CHN->IDN,62.681454252,busd
corridor,share_world_pct,2023,CHN->IDN,0.27326659766020583,pct
corridor,share_dest_imports_pct,2023,CHN->IDN,28.468443016694444,pct
corridor,value_busd,2024,CHN->IDN,74.032154247,busd
corridor,share_world_pct,2024,CHN->IDN,0.3238610793306409,pct
corridor,share_dest_imports_pct,2024,CHN->IDN,32.019960991977456,pct
corridor,rank_among_dyads,2017,CHN->IDN,80.0,rank
corridor,rank_among_dyads,2018,CHN->IDN,69.0,rank
corridor,rank_among_dyads,2019,CHN->IDN,73.0,rank
corridor,rank_among_dyads,2020,CHN->IDN,81.0,rank
corridor,rank_among_dyads,2021,CHN->IDN,64.0,rank
corridor,rank_among_dyads,2022,CHN->IDN,59.0,rank
corridor,rank_among_dyads,2023,CHN->IDN,64.0,rank
corridor,rank_among_dyads,2024,CHN->IDN,46.0,rank
corridor,value_growth_pct,2018->2024,CHN->IDN,61.422658785637196,pct
corridor,dest_share_change_pp,2018->2024,CHN->IDN,7.832478171439092,pp
corridor,value_growth_pct,2021->2024,CHN->IDN,29.219709817646212,pct
corridor,dest_share_change_pp,2021->2024,CHN->IDN,3.0026340350079863,pp
corridor,value_busd,2017,CHN->ASEAN10,282.522495853,busd
corridor,share_world_pct,2017,CHN->ASEAN10,1.6584927291705427,pct
corridor,share_dest_imports_pct,2017,CHN->ASEAN10,23.598883661665326,pct
corridor,value_busd,2018,CHN->ASEAN10,317.360888703,busd
corridor,share_world_pct,2018,CHN->ASEAN10,1.6667895945037936,pct
corridor,share_dest_imports_pct,2018,CHN->ASEAN10,21.768156101276677,pct
corridor,value_busd,2019,CHN->ASEAN10,326.100745786,busd
corridor,share_world_pct,2019,CHN->ASEAN10,1.762348859465106,pct
corridor,share_dest_imports_pct,2019,CHN->ASEAN10,23.075707521474964,pct
corridor,value_busd,2020,CHN->ASEAN10,333.068088455,busd
corridor,share_world_pct,2020,CHN->ASEAN10,1.9408752217836205,pct
corridor,share_dest_imports_pct,2020,CHN->ASEAN10,25.48173666719175,pct
corridor,value_busd,2021,CHN->ASEAN10,413.874753815,busd
corridor,share_world_pct,2021,CHN->ASEAN10,1.922183314912693,pct
corridor,share_dest_imports_pct,2021,CHN->ASEAN10,25.406824633734537,pct
corridor,value_busd,2022,CHN->ASEAN10,466.399771497,busd
corridor,share_world_pct,2022,CHN->ASEAN10,1.9285396572700053,pct
corridor,share_dest_imports_pct,2022,CHN->ASEAN10,24.893644777851755,pct
corridor,value_busd,2023,CHN->ASEAN10,441.96499513,busd
corridor,share_world_pct,2023,CHN->ASEAN10,1.9267943276895325,pct
corridor,share_dest_imports_pct,2023,CHN->ASEAN10,25.889757077964802,pct
corridor,value_busd,2024,CHN->ASEAN10,510.949941686,busd
corridor,share_world_pct,2024,CHN->ASEAN10,2.235201734725443,pct
corridor,share_dest_imports_pct,2024,CHN->ASEAN10,27.603472118918944,pct
corridor,value_growth_pct,2018->2024,CHN->ASEAN10,60.99965681787871,pct
corridor,dest_share_change_pp,2018->2024,CHN->ASEAN10,5.835316017642267,pp
corridor,value_growth_pct,2021->2024,CHN->ASEAN10,23.455208846682197,pct
corridor,dest_share_change_pp,2021->2024,CHN->ASEAN10,2.196647485184407,pp
corridor,value_busd,2017,MEX->USA,307.005506424,busd
corridor,share_world_pct,2017,MEX->USA,1.802215426004342,pct
corridor,share_dest_imports_pct,2017,MEX->USA,13.499238809996472,pct
corridor,value_busd,2018,MEX->USA,340.051922013,busd
corridor,share_world_pct,2018,MEX->USA,1.7859636312422704,pct
corridor,share_dest_imports_pct,2018,MEX->USA,13.746272866120378,pct
corridor,value_busd,2019,MEX->USA,352.255843771,busd
corridor,share_world_pct,2019,MEX->USA,1.903699063960841,pct
corridor,share_dest_imports_pct,2019,MEX->USA,14.536066810466163,pct
corridor,value_busd,2020,MEX->USA,320.31083308,busd
corridor,share_world_pct,2020,MEX->USA,1.8665353444025163,pct
corridor,share_dest_imports_pct,2020,MEX->USA,14.043424028719068,pct
corridor,value_busd,2021,MEX->USA,372.483530387,busd
corridor,share_world_pct,2021,MEX->USA,1.7299475761445133,pct
corridor,share_dest_imports_pct,2021,MEX->USA,13.429990510452882,pct
corridor,value_busd,2022,MEX->USA,439.99211467,busd
corridor,share_world_pct,2022,MEX->USA,1.8193453210828703,pct
corridor,share_dest_imports_pct,2022,MEX->USA,13.82275484718206,pct
corridor,value_busd,2023,MEX->USA,464.320501382,busd
corridor,share_world_pct,2023,MEX->USA,2.0242555816657926,pct
corridor,share_dest_imports_pct,2023,MEX->USA,15.596598320510187,pct
corridor,value_busd,2024,MEX->USA,493.57969256,busd
corridor,share_world_pct,2024,MEX->USA,2.1592138388252446,pct
corridor,share_dest_imports_pct,2024,MEX->USA,15.798215752924655,pct
corridor,rank_among_dyads,2017,MEX->USA,2.0,rank
corridor,rank_among_dyads,2018,MEX->USA,2.0,rank
corridor,rank_among_dyads,2019,MEX->USA,2.0,rank
corridor,rank_among_dyads,2020,MEX->USA,2.0,rank
corridor,rank_among_dyads,2021,MEX->USA,2.0,rank
corridor,rank_among_dyads,2022,MEX->USA,2.0,rank
corridor,rank_among_dyads,2023,MEX->USA,1.0,rank
corridor,rank_among_dyads,2024,MEX->USA,1.0,rank
corridor,value_growth_pct,2018->2024,MEX->USA,45.14833194829897,pct
corridor,dest_share_change_pp,2018->2024,MEX->USA,2.0519428868042766,pp
corridor,value_growth_pct,2021->2024,MEX->USA,32.51047423417204,pct
corridor,dest_share_change_pp,2021->2024,MEX->USA,2.368225242471773,pp
corridor,value_busd,2017,VNM->USA,48.15774246,busd
corridor,share_world_pct,2017,VNM->USA,0.28270055268354455,pct
corridor,share_dest_imports_pct,2017,VNM->USA,2.1175283583350946,pct
corridor,value_busd,2018,VNM->USA,49.787048046,busd
corridor,share_world_pct,2018,VNM->USA,0.26148317760035555,pct
corridor,share_dest_imports_pct,2018,VNM->USA,2.012593675658736,pct
corridor,value_busd,2019,VNM->USA,65.776829745,busd
corridor,share_world_pct,2019,VNM->USA,0.35547824523039745,pct
corridor,share_dest_imports_pct,2019,VNM->USA,2.714323718574157,pct
corridor,value_busd,2020,VNM->USA,80.955878649,busd
corridor,share_world_pct,2020,VNM->USA,0.47175116552420643,pct
corridor,share_dest_imports_pct,2020,VNM->USA,3.549357730281582,pct
corridor,value_busd,2021,VNM->USA,104.981366639,busd
corridor,share_world_pct,2021,VNM->USA,0.4875712506504286,pct
corridor,share_dest_imports_pct,2021,VNM->USA,3.7851304627383104,pct
corridor,value_busd,2022,VNM->USA,127.525938439,busd
corridor,share_world_pct,2022,VNM->USA,0.527313357853493,pct
corridor,share_dest_imports_pct,2022,VNM->USA,4.006344034190753,pct
corridor,value_busd,2023,VNM->USA,111.423300939,busd
corridor,share_world_pct,2023,VNM->USA,0.4857619643803689,pct
corridor,share_dest_imports_pct,2023,VNM->USA,3.7427261193905097,pct
corridor,value_busd,2024,VNM->USA,140.489324345,busd
corridor,share_world_pct,2024,VNM->USA,0.6145846312266124,pct
corridor,share_dest_imports_pct,2024,VNM->USA,4.4967017291034885,pct
corridor,rank_among_dyads,2017,VNM->USA,50.0,rank
corridor,rank_among_dyads,2018,VNM->USA,56.0,rank
corridor,rank_among_dyads,2019,VNM->USA,33.0,rank
corridor,rank_among_dyads,2020,VNM->USA,22.0,rank
corridor,rank_among_dyads,2021,VNM->USA,22.0,rank
corridor,rank_among_dyads,2022,VNM->USA,16.0,rank
corridor,rank_among_dyads,2023,VNM->USA,22.0,rank
corridor,rank_among_dyads,2024,VNM->USA,14.0,rank
corridor,value_growth_pct,2018->2024,VNM->USA,182.18046632368518,pct
corridor,dest_share_change_pp,2018->2024,VNM->USA,2.4841080534447526,pp
corridor,value_growth_pct,2021->2024,VNM->USA,33.82310484497826,pct
corridor,dest_share_change_pp,2021->2024,VNM->USA,0.7115712663651781,pp
corridor,value_busd,2017,THA->USA,31.097023073,busd
corridor,share_world_pct,2017,THA->USA,0.18254895600332582,pct
corridor,share_dest_imports_pct,2017,THA->USA,1.3673570406995827,pct
corridor,value_busd,2018,THA->USA,32.030896242,busd
corridor,share_world_pct,2018,THA->USA,0.16822729724821187,pct
corridor,share_dest_imports_pct,2018,THA->USA,1.2948182656414722,pct
corridor,value_busd,2019,THA->USA,35.545890978,busd
corridor,share_world_pct,2019,THA->USA,0.19210094191216262,pct
corridor,share_dest_imports_pct,2019,THA->USA,1.4668243415421014,pct
corridor,value_busd,2020,THA->USA,38.791978596,busd
corridor,share_world_pct,2020,THA->USA,0.22605104683005153,pct
corridor,share_dest_imports_pct,2020,THA->USA,1.700761098518829,pct
corridor,value_busd,2021,THA->USA,49.510706819,busd
corridor,share_world_pct,2021,THA->USA,0.22994554192971098,pct
corridor,share_dest_imports_pct,2021,THA->USA,1.785121404036691,pct
corridor,value_busd,2022,THA->USA,59.585676978,busd
corridor,share_world_pct,2022,THA->USA,0.24638378507029893,pct
corridor,share_dest_imports_pct,2022,THA->USA,1.8719385593717144,pct
corridor,value_busd,2023,THA->USA,56.450772005,busd
corridor,share_world_pct,2023,THA->USA,0.24610326268245664,pct
corridor,share_dest_imports_pct,2023,THA->USA,1.8961902677658034,pct
corridor,value_busd,2024,THA->USA,62.159809793,busd
corridor,share_world_pct,2024,THA->USA,0.27192431849791937,pct
corridor,share_dest_imports_pct,2024,THA->USA,1.9895755459007225,pct
corridor,rank_among_dyads,2017,THA->USA,99.0,rank
corridor,rank_among_dyads,2018,THA->USA,108.0,rank
corridor,rank_among_dyads,2019,THA->USA,95.0,rank
corridor,rank_among_dyads,2020,THA->USA,86.0,rank
corridor,rank_among_dyads,2021,THA->USA,81.0,rank
corridor,rank_among_dyads,2022,THA->USA,74.0,rank
corridor,rank_among_dyads,2023,THA->USA,75.0,rank
corridor,rank_among_dyads,2024,THA->USA,63.0,rank
corridor,value_growth_pct,2018->2024,THA->USA,94.062037238577,pct
corridor,dest_share_change_pp,2018->2024,THA->USA,0.6947572802592503,pp
corridor,value_growth_pct,2021->2024,THA->USA,25.548217318412103,pct
corridor,dest_share_change_pp,2021->2024,THA->USA,0.20445414186403155,pp
corridor,value_busd,2017,MYS->USA,34.061435321999994,busd
corridor,share_world_pct,2017,MYS->USA,0.19995095490039308,pct
corridor,share_dest_imports_pct,2017,MYS->USA,1.4977042430890488,pct
corridor,value_busd,2018,MYS->USA,36.138788386,busd
corridor,share_world_pct,2018,MYS->USA,0.18980207890749434,pct
corridor,share_dest_imports_pct,2018,MYS->USA,1.4608758664388515,pct
corridor,value_busd,2019,MYS->USA,36.294214023,busd
corridor,share_world_pct,2019,MYS->USA,0.19614511010836985,pct
corridor,share_dest_imports_pct,2019,MYS->USA,1.4977043793620077,pct
corridor,value_busd,2020,MYS->USA,39.136906789,busd
corridor,share_world_pct,2020,MYS->USA,0.22806103399572006,pct
corridor,share_dest_imports_pct,2020,MYS->USA,1.7158838242386585,pct
corridor,value_busd,2021,MYS->USA,49.314359172,busd
corridor,share_world_pct,2021,MYS->USA,0.22903363278930838,pct
corridor,share_dest_imports_pct,2021,MYS->USA,1.7780420385860356,pct
corridor,value_busd,2022,MYS->USA,48.531143133,busd
corridor,share_world_pct,2022,MYS->USA,0.20067384219385154,pct
corridor,share_dest_imports_pct,2022,MYS->USA,1.5246502644350721,pct
corridor,value_busd,2023,MYS->USA,41.600535749,busd
corridor,share_world_pct,2023,MYS->USA,0.1813620472056656,pct
corridor,share_dest_imports_pct,2023,MYS->USA,1.3973685074512414,pct
corridor,value_busd,2024,MYS->USA,49.758531616,busd
corridor,share_world_pct,2024,MYS->USA,0.2176736840765187,pct
corridor,share_dest_imports_pct,2024,MYS->USA,1.5926425456062137,pct
corridor,rank_among_dyads,2017,MYS->USA,92.0,rank
corridor,rank_among_dyads,2018,MYS->USA,94.0,rank
corridor,rank_among_dyads,2019,MYS->USA,92.0,rank
corridor,rank_among_dyads,2020,MYS->USA,84.0,rank
corridor,rank_among_dyads,2021,MYS->USA,83.0,rank
corridor,rank_among_dyads,2022,MYS->USA,97.0,rank
corridor,rank_among_dyads,2023,MYS->USA,100.0,rank
corridor,rank_among_dyads,2024,MYS->USA,89.0,rank
corridor,value_growth_pct,2018->2024,MYS->USA,37.68732666000565,pct
corridor,dest_share_change_pp,2018->2024,MYS->USA,0.13176667916736218,pp
corridor,value_growth_pct,2021->2024,MYS->USA,0.9006959665658565,pct
corridor,dest_share_change_pp,2021->2024,MYS->USA,-0.18539949297982194,pp
corridor,value_busd,2017,IDN->USA,20.821851985,busd
corridor,share_world_pct,2017,IDN->USA,0.1222305856414196,pct
corridor,share_dest_imports_pct,2017,IDN->USA,0.9155508501652752,pct
corridor,value_busd,2018,IDN->USA,21.256348552,busd
corridor,share_world_pct,2018,IDN->USA,0.11163902624679177,pct
corridor,share_dest_imports_pct,2018,IDN->USA,0.859267507160228,pct
corridor,value_busd,2019,IDN->USA,20.423218672,busd
corridor,share_world_pct,2019,IDN->USA,0.11037336344157139,pct
corridor,share_dest_imports_pct,2019,IDN->USA,0.8427774197379905,pct
corridor,value_busd,2020,IDN->USA,20.597489391,busd
corridor,share_world_pct,2020,IDN->USA,0.12002697999494512,pct
corridor,share_dest_imports_pct,2020,IDN->USA,0.903058053527059,pct
corridor,value_busd,2021,IDN->USA,27.632139092,busd
corridor,share_world_pct,2021,IDN->USA,0.1283335990620266,pct
corridor,share_dest_imports_pct,2021,IDN->USA,0.9962839575846809,pct
corridor,value_busd,2022,IDN->USA,33.862856840000006,busd
corridor,share_world_pct,2022,IDN->USA,0.14002121423598712,pct
corridor,share_dest_imports_pct,2022,IDN->USA,1.063832629990669,pct
corridor,value_busd,2023,IDN->USA,26.651950745,busd
corridor,share_world_pct,2023,IDN->USA,0.11619206969597637,pct
corridor,share_dest_imports_pct,2023,IDN->USA,0.8952431972970419,pct
corridor,value_busd,2024,IDN->USA,28.925720619,busd
corridor,share_world_pct,2024,IDN->USA,0.1265384642034178,pct
corridor,share_dest_imports_pct,2024,IDN->USA,0.9258378779273482,pct
corridor,rank_among_dyads,2017,IDN->USA,147.0,rank
corridor,rank_among_dyads,2018,IDN->USA,167.0,rank
corridor,rank_among_dyads,2019,IDN->USA,167.0,rank
corridor,rank_among_dyads,2020,IDN->USA,154.0,rank
corridor,rank_among_dyads,2021,IDN->USA,142.0,rank
corridor,rank_among_dyads,2022,IDN->USA,132.0,rank
corridor,rank_among_dyads,2023,IDN->USA,158.0,rank
corridor,rank_among_dyads,2024,IDN->USA,144.0,rank
corridor,value_growth_pct,2018->2024,IDN->USA,36.08038345926725,pct
corridor,dest_share_change_pp,2018->2024,IDN->USA,0.06657037076712014,pp
corridor,value_growth_pct,2021->2024,IDN->USA,4.6814382436809465,pct
corridor,dest_share_change_pp,2021->2024,IDN->USA,-0.07044607965733274,pp
corridor,value_busd,2017,ASEAN10->USA,166.729937879,busd
corridor,share_world_pct,2017,ASEAN10->USA,0.9787552983081913,pct
corridor,share_dest_imports_pct,2017,ASEAN10->USA,7.331227620054662,pct
corridor,value_busd,2018,ASEAN10->USA,180.333269343,busd
corridor,share_world_pct,2018,ASEAN10->USA,0.947116130510511,pct
corridor,share_dest_imports_pct,2018,ASEAN10->USA,7.289799488719524,pct
corridor,value_busd,2019,ASEAN10->USA,202.255551429,busd
corridor,share_world_pct,2019,ASEAN10->USA,1.0930512885588346,pct
corridor,share_dest_imports_pct,2019,ASEAN10->USA,8.346207054753364,pct
corridor,value_busd,2020,ASEAN10->USA,226.020853549,busd
corridor,share_world_pct,2020,ASEAN10->USA,1.317082871236724,pct
corridor,share_dest_imports_pct,2020,ASEAN10->USA,9.909457807594235,pct
corridor,value_busd,2021,ASEAN10->USA,282.622493293,busd
corridor,share_world_pct,2021,ASEAN10->USA,1.3126005778783507,pct
corridor,share_dest_imports_pct,2021,ASEAN10->USA,10.190027459796633,pct
corridor,value_busd,2022,ASEAN10->USA,327.969144939,busd
corridor,share_world_pct,2022,ASEAN10->USA,1.3561359610997672,pct
corridor,share_dest_imports_pct,2022,ASEAN10->USA,10.303450759184301,pct
corridor,value_busd,2023,ASEAN10->USA,295.77978711,busd
corridor,share_world_pct,2023,ASEAN10->USA,1.2894840594358217,pct
corridor,share_dest_imports_pct,2023,ASEAN10->USA,9.935289346798424,pct
corridor,value_busd,2024,ASEAN10->USA,338.505735025,busd
corridor,share_world_pct,2024,ASEAN10->USA,1.4808272678253303,pct
corridor,share_dest_imports_pct,2024,ASEAN10->USA,10.834697448329912,pct
corridor,value_growth_pct,2018->2024,ASEAN10->USA,87.71119508799599,pct
corridor,dest_share_change_pp,2018->2024,ASEAN10->USA,3.5448979596103882,pp
corridor,value_growth_pct,2021->2024,ASEAN10->USA,19.77310478046941,pct
corridor,dest_share_change_pp,2021->2024,ASEAN10->USA,0.6446699885332787,pp
connector,strength_busd,2018,MEX,877.149556617,busd
connector,strength_busd,2024,MEX,1211.316560298,busd
connector,strength_growth_pct,2018->2024,MEX,38.096924425273485,pct
connector,excess_growth_vs_world_pp,2018->2024,MEX,18.03950475989167,pp
connector,strength_busd,2018,VNM,517.553283301,busd
connector,strength_busd,2024,VNM,881.985850454,busd
connector,strength_growth_pct,2018->2024,VNM,70.41450202549528,pct
connector,excess_growth_vs_world_pp,2018->2024,VNM,50.357082360113466,pp
connector,strength_busd,2018,THA,522.976078602,busd
connector,strength_busd,2024,THA,631.623450508,busd
connector,strength_growth_pct,2018->2024,THA,20.774826297300653,pct
connector,excess_growth_vs_world_pp,2018->2024,THA,0.7174066319188377,pp
connector,strength_busd,2018,MYS,529.336606288,busd
connector,strength_busd,2024,MYS,682.917953892,busd
connector,strength_growth_pct,2018->2024,MYS,29.013929091546697,pct
connector,excess_growth_vs_world_pp,2018->2024,MYS,8.956509426164882,pp
connector,strength_busd,2018,IDN,398.767707451,busd
connector,strength_busd,2024,IDN,528.08350809,busd
connector,strength_growth_pct,2018->2024,IDN,32.42885474995243,pct
connector,excess_growth_vs_world_pp,2018->2024,IDN,12.371435084570614,pp
world,betweenness_nonzero_countries,2018,WORLD,53.0,count
connector,betweenness,2018,MEX,0.0,centrality
connector,betweenness_rank,2018,MEX,54.0,rank
connector,betweenness,2018,VNM,0.0,centrality
connector,betweenness_rank,2018,VNM,54.0,rank
connector,betweenness,2018,THA,0.02652777777777778,centrality
connector,betweenness_rank,2018,THA,16.0,rank
connector,betweenness,2018,MYS,0.0044444444444444444,centrality
connector,betweenness_rank,2018,MYS,39.0,rank
connector,betweenness,2018,IDN,0.01771825396825397,centrality
connector,betweenness_rank,2018,IDN,21.0,rank
connector,betweenness,2018,CHN,0.7610912698412698,centrality
connector,betweenness_rank,2018,CHN,1.0,rank
connector,betweenness,2018,USA,0.38623015873015876,centrality
connector,betweenness_rank,2018,USA,3.0,rank
world,betweenness_nonzero_countries,2024,WORLD,55.0,count
connector,betweenness,2024,MEX,0.0,centrality
connector,betweenness_rank,2024,MEX,56.0,rank
connector,betweenness,2024,VNM,0.0,centrality
connector,betweenness_rank,2024,VNM,56.0,rank
connector,betweenness,2024,THA,0.03099206349206349,centrality
connector,betweenness_rank,2024,THA,13.0,rank
connector,betweenness,2024,MYS,0.013293650793650793,centrality
connector,betweenness_rank,2024,MYS,23.0,rank
connector,betweenness,2024,IDN,0.008869047619047618,centrality
connector,betweenness_rank,2024,IDN,30.0,rank
connector,betweenness,2024,CHN,0.7584325396825397,centrality
connector,betweenness_rank,2024,CHN,1.0,rank
connector,betweenness,2024,USA,0.4038888888888889,centrality
connector,betweenness_rank,2024,USA,2.0,rank
connector,betweenness_rank_shift,2018->2024,MEX,-2.0,ranks_gained
connector,betweenness_rank_shift,2018->2024,VNM,-2.0,ranks_gained
connector,betweenness_rank_shift,2018->2024,THA,3.0,ranks_gained
connector,betweenness_rank_shift,2018->2024,MYS,16.0,ranks_gained
connector,betweenness_rank_shift,2018->2024,IDN,-9.0,ranks_gained
connector,betweenness_rank_shift,2018->2024,CHN,0.0,ranks_gained
connector,betweenness_rank_shift,2018->2024,USA,1.0,ranks_gained
divergence,trade_share_pct,2017,CHN,11.693065283872832,pct
divergence,gdp_share_pct,2017,CHN,15.412570496950442,pct
divergence,trade_minus_gdp_share_pp,2017,CHN,-3.7195052130776105,pp
divergence,trade_share_pct,2017,USA,11.005492566567828,pct
divergence,gdp_share_pct,2017,USA,24.109390286161574,pct
divergence,trade_minus_gdp_share_pp,2017,USA,-13.103897719593746,pp
divergence,trade_share_pct,2017,MEX,2.306860696309718,pct
divergence,gdp_share_pct,2017,MEX,1.463768074602829,pct
divergence,trade_minus_gdp_share_pp,2017,MEX,0.8430926217068888,pp
divergence,trade_share_pct,2017,VNM,1.3090420290394114,pct
divergence,gdp_share_pct,2017,VNM,0.3458713347074938,pct
divergence,trade_minus_gdp_share_pp,2017,VNM,0.9631706943319176,pp
divergence,trade_share_pct,2017,DEU,7.28542938648018,pct
divergence,gdp_share_pct,2017,DEU,4.628791545058387,pct
divergence,trade_minus_gdp_share_pp,2017,DEU,2.6566378414217926,pp
divergence,trade_share_pct,2017,JPN,4.020983393477024,pct
divergence,gdp_share_pct,2017,JPN,6.193558077548225,pct
divergence,trade_minus_gdp_share_pp,2017,JPN,-2.1725746840712015,pp
divergence,trade_share_pct,2017,FRA,3.3795860876885726,pct
divergence,gdp_share_pct,2017,FRA,3.1825266259967573,pct
divergence,trade_minus_gdp_share_pp,2017,FRA,0.19705946169181532,pp
divergence,trade_share_pct,2017,KOR,3.1358777729106393,pct
divergence,gdp_share_pct,2017,KOR,2.102365216829967,pct
divergence,trade_minus_gdp_share_pp,2017,KOR,1.0335125560806722,pp
divergence,trade_share_pct,2017,NLD,2.9483153093282417,pct
divergence,gdp_share_pct,2017,NLD,1.0427435783140848,pct
divergence,trade_minus_gdp_share_pp,2017,NLD,1.9055717310141569,pp
divergence,trade_share_pct,2017,ITA,2.8270255759434066,pct
divergence,gdp_share_pct,2017,ITA,2.4226306508979585,pct
divergence,trade_minus_gdp_share_pp,2017,ITA,0.40439492504544816,pp
divergence,trade_share_pct,2017,IND,2.198389999947902,pct
divergence,gdp_share_pct,2017,IND,3.2594888520604686,pct
divergence,trade_minus_gdp_share_pp,2017,IND,-1.0610988521125666,pp
divergence,trade_share_pct,2018,CHN,11.678237177451495,pct
divergence,gdp_share_pct,2018,CHN,16.350838469971336,pct
divergence,trade_minus_gdp_share_pp,2018,CHN,-4.6726012925198415,pp
divergence,trade_share_pct,2018,USA,10.68355723881107,pct
divergence,gdp_share_pct,2018,USA,23.873123282392207,pct
divergence,trade_minus_gdp_share_pp,2018,USA,-13.189566043581138,pp
divergence,trade_share_pct,2018,MEX,2.3034088412215414,pct
divergence,gdp_share_pct,2018,MEX,1.451929703347308,pct
divergence,trade_minus_gdp_share_pp,2018,MEX,0.8514791378742335,pp
divergence,trade_share_pct,2018,VNM,1.359103244783714,pct
divergence,gdp_share_pct,2018,VNM,0.3583958780557346,pct
divergence,trade_minus_gdp_share_pp,2018,VNM,1.0007073667279793,pp
divergence,trade_share_pct,2018,DEU,7.062155983915652,pct
divergence,gdp_share_pct,2018,DEU,4.686940291015816,pct
divergence,trade_minus_gdp_share_pp,2018,DEU,2.375215692899836,pp
divergence,trade_share_pct,2018,JPN,3.93108111127066,pct
divergence,gdp_share_pct,2018,JPN,5.956914004768913,pct
divergence,trade_minus_gdp_share_pp,2018,JPN,-2.0258328934982526,pp
divergence,trade_share_pct,2018,FRA,3.2636952623681355,pct
divergence,gdp_share_pct,2018,FRA,3.2147199667091333,pct
divergence,trade_minus_gdp_share_pp,2018,FRA,0.04897529565900216,pp
divergence,trade_share_pct,2018,KOR,3.024748509653098,pct
divergence,gdp_share_pct,2018,KOR,2.1083216485662097,pct
divergence,trade_minus_gdp_share_pp,2018,KOR,0.9164268610868884,pp
divergence,trade_share_pct,2018,NLD,2.9653712729734263,pct
divergence,gdp_share_pct,2018,NLD,1.0745105732126403,pct
divergence,trade_minus_gdp_share_pp,2018,NLD,1.890860699760786,pp
divergence,trade_share_pct,2018,ITA,2.7811654123209117,pct
divergence,gdp_share_pct,2018,ITA,2.4263567457153785,pct
divergence,trade_minus_gdp_share_pp,2018,ITA,0.35480866660553323,pp
divergence,trade_share_pct,2018,IND,2.264532670498929,pct
divergence,gdp_share_pct,2018,IND,3.123826523249069,pct
divergence,trade_minus_gdp_share_pp,2018,IND,-0.8592938527501404,pp
divergence,trade_share_pct,2019,CHN,11.702310990497686,pct
divergence,gdp_share_pct,2019,CHN,16.54916213315699,pct
divergence,trade_minus_gdp_share_pp,2019,CHN,-4.846851142659304,pp
divergence,trade_share_pct,2019,USA,10.75402464279344,pct
divergence,gdp_share_pct,2019,USA,24.482456278394782,pct
divergence,trade_minus_gdp_share_pp,2019,USA,-13.728431635601343,pp
divergence,trade_share_pct,2019,MEX,2.375390166066205,pct
divergence,gdp_share_pct,2019,MEX,1.4822539369791619,pct
divergence,trade_minus_gdp_share_pp,2019,MEX,0.8931362290870433,pp
divergence,trade_share_pct,2019,VNM,1.521870973660064,pct
divergence,gdp_share_pct,2019,VNM,0.38004131646704475,pct
divergence,trade_minus_gdp_share_pp,2019,VNM,1.141829657193019,pp
divergence,trade_share_pct,2019,DEU,6.9793513280789465,pct
divergence,gdp_share_pct,2019,DEU,4.500837148429508,pct
divergence,trade_minus_gdp_share_pp,2019,DEU,2.478514179649438,pp
divergence,trade_share_pct,2019,JPN,3.885545936203068,pct
divergence,gdp_share_pct,2019,JPN,5.962352589078204,pct
divergence,trade_minus_gdp_share_pp,2019,JPN,-2.076806652875136,pp
divergence,trade_share_pct,2019,FRA,3.2807674420019395,pct
divergence,gdp_share_pct,2019,FRA,3.0947413600575584,pct
divergence,trade_minus_gdp_share_pp,2019,FRA,0.18602608194438108,pp
divergence,trade_share_pct,2019,KOR,2.8855587342087587,pct
divergence,gdp_share_pct,2019,KOR,1.9902477665095286,pct
divergence,trade_minus_gdp_share_pp,2019,KOR,0.8953109676992301,pp
divergence,trade_share_pct,2019,NLD,2.9626051535051214,pct
divergence,gdp_share_pct,2019,NLD,1.0557960178835768,pct
divergence,trade_minus_gdp_share_pp,2019,NLD,1.9068091356215446,pp
divergence,trade_share_pct,2019,ITA,2.746641455288275,pct
divergence,gdp_share_pct,2019,ITA,2.2954956553314076,pct
divergence,trade_minus_gdp_share_pp,2019,ITA,0.4511457999568673,pp
divergence,trade_share_pct,2019,IND,2.2651515105320943,pct
divergence,gdp_share_pct,2019,IND,3.2229649123626904,pct
divergence,trade_minus_gdp_share_pp,2019,IND,-0.9578134018305962,pp
divergence,trade_share_pct,2020,CHN,12.490946692008803,pct
divergence,gdp_share_pct,2020,CHN,17.536397483610813,pct
divergence,trade_minus_gdp_share_pp,2020,CHN,-5.0454507916020095,pp
divergence,trade_share_pct,2020,USA,10.646426693179203,pct
divergence,gdp_share_pct,2020,USA,24.9956702830904,pct
divergence,trade_minus_gdp_share_pp,2020,USA,-14.349243589911199,pp
divergence,trade_share_pct,2020,MEX,2.251251441117709,pct
divergence,gdp_share_pct,2020,MEX,1.3109425455574517,pct
divergence,trade_minus_gdp_share_pp,2020,MEX,0.9403088955602572,pp
divergence,trade_share_pct,2020,VNM,1.723815397238344,pct
divergence,gdp_share_pct,2020,VNM,0.4053229857154027,pct
divergence,trade_minus_gdp_share_pp,2020,VNM,1.3184924115229415,pp
divergence,trade_share_pct,2020,DEU,7.112921659472342,pct
divergence,gdp_share_pct,2020,DEU,4.608964382041952,pct
divergence,trade_minus_gdp_share_pp,2020,DEU,2.5039572774303895,pp
divergence,trade_share_pct,2020,JPN,3.7300337880593815,pct
divergence,gdp_share_pct,2020,JPN,6.068105997519893,pct
divergence,trade_minus_gdp_share_pp,2020,JPN,-2.338072209460512,pp
divergence,trade_share_pct,2020,FRA,3.126174339785847,pct
divergence,gdp_share_pct,2020,FRA,3.0964124685674927,pct
divergence,trade_minus_gdp_share_pp,2020,FRA,0.029761871218354052,pp
divergence,trade_share_pct,2020,KOR,2.9107536569369286,pct
divergence,gdp_share_pct,2020,KOR,2.039468186582336,pct
divergence,trade_minus_gdp_share_pp,2020,KOR,0.8712854703545925,pp
divergence,trade_share_pct,2020,NLD,2.998520499411992,pct
divergence,gdp_share_pct,2020,NLD,1.0905112226591482,pct
divergence,trade_minus_gdp_share_pp,2020,NLD,1.9080092767528436,pp
divergence,trade_share_pct,2020,ITA,2.696773211300326,pct
divergence,gdp_share_pct,2020,ITA,2.2305563374267328,pct
divergence,trade_minus_gdp_share_pp,2020,ITA,0.46621687387359323,pp
divergence,trade_share_pct,2020,IND,1.9583577768465834,pct
divergence,gdp_share_pct,2020,IND,3.1278984409404735,pct
divergence,trade_minus_gdp_share_pp,2020,IND,-1.1695406640938901,pp
divergence,trade_share_pct,2021,CHN,12.661930295575639,pct
divergence,gdp_share_pct,2021,CHN,18.635883441988504,pct
divergence,trade_minus_gdp_share_pp,2021,CHN,-5.973953146412866,pp
divergence,trade_share_pct,2021,USA,10.340190835097202,pct
divergence,gdp_share_pct,2021,USA,24.29159836223179,pct
divergence,trade_minus_gdp_share_pp,2021,USA,-13.95140752713459,pp
divergence,trade_share_pct,2021,MEX,2.2592418004887085,pct
divergence,gdp_share_pct,2021,MEX,1.347975016245467,pct
divergence,trade_minus_gdp_share_pp,2021,MEX,0.9112667842432416,pp
divergence,trade_share_pct,2021,VNM,1.6598165776005,pct
divergence,gdp_share_pct,2021,VNM,0.37521666973485124,pct
divergence,trade_minus_gdp_share_pp,2021,VNM,1.284599907865649,pp
divergence,trade_share_pct,2021,DEU,6.760777432421282,pct
divergence,gdp_share_pct,2021,DEU,4.459142468775262,pct
divergence,trade_minus_gdp_share_pp,2021,DEU,2.30163496364602,pp
divergence,trade_share_pct,2021,JPN,3.5403488052973024,pct
divergence,gdp_share_pct,2021,JPN,5.350593341249766,pct
divergence,trade_minus_gdp_share_pp,2021,JPN,-1.8102445359524637,pp
divergence,trade_share_pct,2021,FRA,3.0234522050701615,pct
divergence,gdp_share_pct,2021,FRA,3.0371952296534293,pct
divergence,trade_minus_gdp_share_pp,2021,FRA,-0.013743024583267704,pp
divergence,trade_share_pct,2021,KOR,2.965139392335593,pct
divergence,gdp_share_pct,2021,KOR,1.988645658168715,pct
divergence,trade_minus_gdp_share_pp,2021,KOR,0.976493734166878,pp
divergence,trade_share_pct,2021,NLD,3.003134890120325,pct
divergence,gdp_share_pct,2021,NLD,1.0796255826561134,pct
divergence,trade_minus_gdp_share_pp,2021,NLD,1.9235093074642118,pp
divergence,trade_share_pct,2021,ITA,2.7349664223500123,pct
divergence,gdp_share_pct,2021,ITA,2.231190763582924,pct
divergence,trade_minus_gdp_share_pp,2021,ITA,0.5037756587670885,pp
divergence,trade_share_pct,2021,IND,2.320551841162093,pct
divergence,gdp_share_pct,2021,IND,3.2428229405239555,pct
divergence,trade_minus_gdp_share_pp,2021,IND,-0.9222710993618626,pp
divergence,trade_share_pct,2022,CHN,12.053772604081358,pct
divergence,gdp_share_pct,2022,CHN,18.002369526636084,pct
divergence,trade_minus_gdp_share_pp,2022,CHN,-5.948596922554726,pp
divergence,trade_share_pct,2022,USA,10.669159531319606,pct
divergence,gdp_share_pct,2022,USA,25.607403302190168,pct
divergence,trade_minus_gdp_share_pp,2022,USA,-14.938243770870562,pp
divergence,trade_share_pct,2022,MEX,2.323410099899261,pct
divergence,gdp_share_pct,2022,MEX,1.4417557328493764,pct
divergence,trade_minus_gdp_share_pp,2022,MEX,0.8816543670498844,pp
divergence,trade_share_pct,2022,VNM,1.6320798328525614,pct
divergence,gdp_share_pct,2022,VNM,0.4063487091041965,pct
divergence,trade_minus_gdp_share_pp,2022,VNM,1.225731123748365,pp
divergence,trade_share_pct,2022,DEU,6.446900340243699,pct
divergence,gdp_share_pct,2022,DEU,4.12891386988358,pct
divergence,trade_minus_gdp_share_pp,2022,DEU,2.317986470360119,pp
divergence,trade_share_pct,2022,JPN,3.4175265125563024,pct
divergence,gdp_share_pct,2022,JPN,4.371629555489152,pct
divergence,trade_minus_gdp_share_pp,2022,JPN,-0.9541030429328496,pp
divergence,trade_share_pct,2022,FRA,2.980691780447524,pct
divergence,gdp_share_pct,2022,FRA,2.7468173955696065,pct
divergence,trade_minus_gdp_share_pp,2022,FRA,0.23387438487791767,pp
divergence,trade_share_pct,2022,KOR,2.9676830289331284,pct
divergence,gdp_share_pct,2022,KOR,1.7684782058448156,pct
divergence,trade_minus_gdp_share_pp,2022,KOR,1.1992048230883128,pp
divergence,trade_share_pct,2022,NLD,2.8627000533569125,pct
divergence,gdp_share_pct,2022,NLD,1.0285775976198686,pct
divergence,trade_minus_gdp_share_pp,2022,NLD,1.834122455737044,pp
divergence,trade_share_pct,2022,ITA,2.728808615841071,pct
divergence,gdp_share_pct,2022,ITA,2.0679526622295077,pct
divergence,trade_minus_gdp_share_pp,2022,ITA,0.6608559536115632,pp
divergence,trade_share_pct,2022,IND,2.4774291227441467,pct
divergence,gdp_share_pct,2022,IND,3.1941553873063953,pct
divergence,trade_minus_gdp_share_pp,2022,IND,-0.7167262645622485,pp
divergence,trade_share_pct,2023,CHN,12.012047625338834,pct
divergence,gdp_share_pct,2023,CHN,17.203181417238174,pct
divergence,trade_minus_gdp_share_pp,2023,CHN,-5.19113379189934,pp
divergence,trade_share_pct,2023,USA,10.679764708153124,pct
divergence,gdp_share_pct,2023,USA,26.187040652044292,pct
divergence,trade_minus_gdp_share_pp,2023,USA,-15.507275943891168,pp
divergence,trade_share_pct,2023,MEX,2.552455871178706,pct
divergence,gdp_share_pct,2023,MEX,1.689598475413628,pct
divergence,trade_minus_gdp_share_pp,2023,MEX,0.8628573957650782,pp
divergence,trade_share_pct,2023,VNM,1.6194763645506174,pct
divergence,gdp_share_pct,2023,VNM,0.408466396720089,pct
divergence,trade_minus_gdp_share_pp,2023,VNM,1.2110099678305284,pp
divergence,trade_share_pct,2023,DEU,6.631522195538787,pct
divergence,gdp_share_pct,2023,DEU,4.295728065332729,pct
divergence,trade_minus_gdp_share_pp,2023,DEU,2.3357941302060583,pp
divergence,trade_share_pct,2023,JPN,3.302943844364137,pct
divergence,gdp_share_pct,2023,JPN,4.1287340428350205,pct
divergence,trade_minus_gdp_share_pp,2023,JPN,-0.8257901984708838,pp
divergence,trade_share_pct,2023,FRA,3.1468237726190615,pct
divergence,gdp_share_pct,2023,FRA,2.8777344279935004,pct
divergence,trade_minus_gdp_share_pp,2023,FRA,0.2690893446255611,pp
divergence,trade_share_pct,2023,KOR,2.8109932240676554,pct
divergence,gdp_share_pct,2023,KOR,1.7370457377011328,pct
divergence,trade_minus_gdp_share_pp,2023,KOR,1.0739474863665226,pp
divergence,trade_share_pct,2023,NLD,2.8181298089317552,pct
divergence,gdp_share_pct,2023,NLD,1.0691524918605948,pct
divergence,trade_minus_gdp_share_pp,2023,NLD,1.7489773170711604,pp
divergence,trade_share_pct,2023,ITA,2.818448992175728,pct
divergence,gdp_share_pct,2023,ITA,2.1815527315873555,pct
divergence,trade_minus_gdp_share_pp,2023,ITA,0.6368962605883723,pp
divergence,trade_share_pct,2023,IND,2.4599002471699407,pct
divergence,gdp_share_pct,2023,IND,3.296417399435192,pct
divergence,trade_minus_gdp_share_pp,2023,IND,-0.8365171522652513,pp
divergence,trade_share_pct,2024,CHN,12.3788178603285,pct
divergence,gdp_share_pct,2024,CHN,16.956151116678733,pct
divergence,trade_minus_gdp_share_pp,2024,CHN,-4.577333256350233,pp
divergence,trade_share_pct,2024,USA,10.981882894510012,pct
divergence,gdp_share_pct,2024,USA,26.5237763043148,pct
divergence,trade_minus_gdp_share_pp,2024,USA,-15.54189340980479,pp
divergence,trade_share_pct,2024,MEX,2.649512854376291,pct
divergence,gdp_share_pct,2024,MEX,1.6571597880977098,pct
divergence,trade_minus_gdp_share_pp,2024,MEX,0.9923530662785813,pp
divergence,trade_share_pct,2024,VNM,1.9291677541178716,pct
divergence,gdp_share_pct,2024,VNM,0.43122127144837874,pct
divergence,trade_minus_gdp_share_pp,2024,VNM,1.4979464826694928,pp
divergence,trade_share_pct,2024,DEU,6.291240669993867,pct
divergence,gdp_share_pct,2024,DEU,4.241912562017689,pct
divergence,trade_minus_gdp_share_pp,2024,DEU,2.0493281079761774,pp
divergence,trade_share_pct,2024,JPN,3.188920021744298,pct
divergence,gdp_share_pct,2024,JPN,3.793255191103964,pct
divergence,trade_minus_gdp_share_pp,2024,JPN,-0.6043351693596661,pp
divergence,trade_share_pct,2024,FRA,3.0286151871888385,pct
divergence,gdp_share_pct,2024,FRA,2.8611794643166992,pct
divergence,trade_minus_gdp_share_pp,2024,FRA,0.16743572287213926,pp
divergence,trade_share_pct,2024,KOR,2.934738529992064,pct
divergence,gdp_share_pct,2024,KOR,1.697807197712034,pct
divergence,trade_minus_gdp_share_pp,2024,KOR,1.23693133228003,pp
divergence,trade_share_pct,2024,NLD,2.7676747007762743,pct
divergence,gdp_share_pct,2024,NLD,1.098988290642251,pct
divergence,trade_minus_gdp_share_pp,2024,NLD,1.6686864101340233,pp
divergence,trade_share_pct,2024,ITA,2.701692412302658,pct
divergence,gdp_share_pct,2024,ITA,2.1577474108699697,pct
divergence,trade_minus_gdp_share_pp,2024,ITA,0.5439450014326885,pp
divergence,trade_share_pct,2024,IND,2.517613068902574,pct
divergence,gdp_share_pct,2024,IND,3.404701035999347,pct
divergence,trade_minus_gdp_share_pp,2024,IND,-0.8870879670967726,pp
gravity_fit,const,2017,OLS,-45.6855527924458,ln
gravity_fit,elast_gdp_exporter,2017,OLS,1.3779893143080921,elasticity
gravity_fit,elast_gdp_importer,2017,OLS,1.038454506518916,elasticity
gravity_fit,r2,2017,OLS,0.5902254750270367,share
gravity_fit,n_dyads,2017,OLS,24317.0,count
gravity,resid_ln,2017,CHN->USA,-0.7352815744139853,ln
gravity,actual_over_gdp_implied,2017,CHN->USA,0.479370461513088,ratio
gravity,resid_ln,2017,CHN->MEX,-0.44570706108659053,ln
gravity,actual_over_gdp_implied,2017,CHN->MEX,0.6403713342710109,ratio
gravity,resid_ln,2017,CHN->VNM,1.7336309765207574,ln
gravity,actual_over_gdp_implied,2017,CHN->VNM,5.66117221853991,ratio
gravity,resid_ln,2017,CHN->THA,0.6946932095678626,ln
gravity,actual_over_gdp_implied,2017,CHN->THA,2.00309444945378,ratio
gravity,resid_ln,2017,CHN->MYS,1.0319061315030105,ln
gravity,actual_over_gdp_implied,2017,CHN->MYS,2.8064101263718304,ratio
gravity,resid_ln,2017,CHN->IDN,-0.2550920985199099,ln
gravity,actual_over_gdp_implied,2017,CHN->IDN,0.7748451325849381,ratio
gravity,resid_ln,2017,MEX->USA,2.035739996502272,ln
gravity,actual_over_gdp_implied,2017,MEX->USA,7.657916860969726,ratio
gravity,resid_ln,2017,VNM->USA,2.1713847582832067,ln
gravity,actual_over_gdp_implied,2017,VNM->USA,8.770420548238201,ratio
gravity,resid_ln,2017,THA->USA,1.0675328583872066,ln
gravity,actual_over_gdp_implied,2017,THA->USA,2.908195711251419,ratio
gravity,resid_ln,2017,MYS->USA,1.6515511743725604,ln
gravity,actual_over_gdp_implied,2017,MYS->USA,5.215063028452763,ratio
gravity,resid_ln,2017,IDN->USA,-0.4359377955267618,ln
gravity,actual_over_gdp_implied,2017,IDN->USA,0.646657949701504,ratio
gravity_fit,const,2018,OLS,-44.314334418216276,ln
gravity_fit,elast_gdp_exporter,2018,OLS,1.351953665551085,elasticity
gravity_fit,elast_gdp_importer,2018,OLS,1.0091291900797998,elasticity
gravity_fit,r2,2018,OLS,0.571660329074636,share
gravity_fit,n_dyads,2018,OLS,26884.0,count
gravity,resid_ln,2018,CHN->USA,-0.5614908953729056,ln
gravity,actual_over_gdp_implied,2018,CHN->USA,0.5703580854160922,ratio
gravity,resid_ln,2018,CHN->MEX,-0.2302556765020327,ln
gravity,actual_over_gdp_implied,2018,CHN->MEX,0.7943304848984044,ratio
gravity,resid_ln,2018,CHN->VNM,1.6922290542162202,ln
gravity,actual_over_gdp_implied,2018,CHN->VNM,5.431574495296164,ratio
gravity,resid_ln,2018,CHN->THA,0.8040301760391344,ln
gravity,actual_over_gdp_implied,2018,CHN->THA,2.234528348494255,ratio
gravity,resid_ln,2018,CHN->MYS,1.0795256295552988,ln
gravity,actual_over_gdp_implied,2018,CHN->MYS,2.943283013381672,ratio
gravity,resid_ln,2018,CHN->IDN,0.0002551986110823634,ln
gravity,actual_over_gdp_implied,2018,CHN->IDN,1.000255231177018,ratio
gravity,resid_ln,2018,MEX->USA,2.2634173771050463,ln
gravity,actual_over_gdp_implied,2018,MEX->USA,9.6158942179679,ratio
gravity,resid_ln,2018,VNM->USA,2.2334714396025497,ln
gravity,actual_over_gdp_implied,2018,VNM->USA,9.33220610363343,ratio
gravity,resid_ln,2018,THA->USA,1.12845904466554,ln
gravity,actual_over_gdp_implied,2018,THA->USA,3.0908899052253145,ratio
gravity,resid_ln,2018,MYS->USA,1.7159437091839074,ln
gravity,actual_over_gdp_implied,2018,MYS->USA,5.561921873204521,ratio
gravity,resid_ln,2018,IDN->USA,-0.2565229208722073,ln
gravity,actual_over_gdp_implied,2018,IDN->USA,0.7737372596233733,ratio
gravity_fit,const,2019,OLS,-43.54988752485045,ln
gravity_fit,elast_gdp_exporter,2019,OLS,1.3425342691842506,elasticity
gravity_fit,elast_gdp_importer,2019,OLS,0.9877012308087317,elasticity
gravity_fit,r2,2019,OLS,0.5674094293747682,share
gravity_fit,n_dyads,2019,OLS,27780.0,count
gravity,resid_ln,2019,CHN->USA,-0.6358170324889016,ln
gravity,actual_over_gdp_implied,2019,CHN->USA,0.5295026906355507,ratio
gravity,resid_ln,2019,CHN->MEX,-0.13813446238463456,ln
gravity,actual_over_gdp_implied,2019,CHN->MEX,0.8709815696128913,ratio
gravity,resid_ln,2019,CHN->VNM,1.8226161695266079,ln
gravity,actual_over_gdp_implied,2019,CHN->VNM,6.188026217471636,ratio
gravity,resid_ln,2019,CHN->THA,0.8143933155963765,ln
gravity,actual_over_gdp_implied,2019,CHN->THA,2.257805481383013,ratio
gravity,resid_ln,2019,CHN->MYS,1.071143814242923,ln
gravity,actual_over_gdp_implied,2019,CHN->MYS,2.9187160604114983,ratio
gravity,resid_ln,2019,CHN->IDN,-0.015059019544494845,ln
gravity,actual_over_gdp_implied,2019,CHN->IDN,0.9850538004608006,ratio
gravity,resid_ln,2019,MEX->USA,2.362103199107743,ln
gravity,actual_over_gdp_implied,2019,MEX->USA,10.613249772762781,ratio
gravity,resid_ln,2019,VNM->USA,2.511254823201387,ln
gravity,actual_over_gdp_implied,2019,VNM->USA,12.320380263851295,ratio
gravity,resid_ln,2019,THA->USA,1.2424373952335763,ln
gravity,actual_over_gdp_implied,2019,THA->USA,3.464046433614864,ratio
gravity,resid_ln,2019,MYS->USA,1.7983009535995471,ln
gravity,actual_over_gdp_implied,2019,MYS->USA,6.039377559657441,ratio
gravity,resid_ln,2019,IDN->USA,-0.2801834645389043,ln
gravity,actual_over_gdp_implied,2019,IDN->USA,0.7556450946588622,ratio
gravity_fit,const,2020,OLS,-43.154396714975256,ln
gravity_fit,elast_gdp_exporter,2020,OLS,1.3381068294607716,elasticity
gravity_fit,elast_gdp_importer,2020,OLS,0.9787450979284921,elasticity
gravity_fit,r2,2020,OLS,0.5657382268198698,share
gravity_fit,n_dyads,2020,OLS,28006.0,count
gravity,resid_ln,2020,CHN->USA,-0.6626857541830944,ln
gravity,actual_over_gdp_implied,2020,CHN->USA,0.5154650612858784,ratio
gravity,resid_ln,2020,CHN->MEX,-0.07849131494367967,ln
gravity,actual_over_gdp_implied,2020,CHN->MEX,0.9245100893188797,ratio
gravity,resid_ln,2020,CHN->VNM,1.8533433048550982,ln
gravity,actual_over_gdp_implied,2020,CHN->VNM,6.381117921771069,ratio
gravity,resid_ln,2020,CHN->THA,0.8738449812118354,ln
gravity,actual_over_gdp_implied,2020,CHN->THA,2.396106147448083,ratio
gravity,resid_ln,2020,CHN->MYS,1.1040983114217902,ln
gravity,actual_over_gdp_implied,2020,CHN->MYS,3.0165032955977638,ratio
gravity,resid_ln,2020,CHN->IDN,-0.1178980794502138,ln
gravity,actual_over_gdp_implied,2020,CHN->IDN,0.8887866336208472,ratio
gravity,resid_ln,2020,MEX->USA,2.4799048474614303,ln
gravity,actual_over_gdp_implied,2020,MEX->USA,11.940128230282435,ratio
gravity,resid_ln,2020,VNM->USA,2.675210364901144,ln
gravity,actual_over_gdp_implied,2020,VNM->USA,14.515403049763153,ratio
gravity,resid_ln,2020,THA->USA,1.4485132721787863,ln
gravity,actual_over_gdp_implied,2020,THA->USA,4.256781133388132,ratio
gravity,resid_ln,2020,MYS->USA,1.984208058969049,ln
gravity,actual_over_gdp_implied,2020,MYS->USA,7.273285091162437,ratio
gravity,resid_ln,2020,IDN->USA,-0.18807679279697354,ln
gravity,actual_over_gdp_implied,2020,IDN->USA,0.8285510780348622,ratio
gravity_fit,const,2021,OLS,-44.20909585294596,ln
gravity_fit,elast_gdp_exporter,2021,OLS,1.35310153647088,elasticity
gravity_fit,elast_gdp_importer,2021,OLS,1.0011909072040035,elasticity
gravity_fit,r2,2021,OLS,0.5782380650527155,share
gravity_fit,n_dyads,2021,OLS,28540.0,count
gravity,resid_ln,2021,CHN->USA,-0.9389991468453687,ln
gravity,actual_over_gdp_implied,2021,CHN->USA,0.39101899217244,ratio
gravity,resid_ln,2021,CHN->MEX,0.11419248381462666,ln
gravity,actual_over_gdp_implied,2021,CHN->MEX,1.1209678722916776,ratio
gravity,resid_ln,2021,CHN->VNM,1.731215956036781,ln
gravity,actual_over_gdp_implied,2021,CHN->VNM,5.64751686728219,ratio
gravity,resid_ln,2021,CHN->THA,0.8764163696915119,ln
gravity,actual_over_gdp_implied,2021,CHN->THA,2.4022753955591982,ratio
gravity,resid_ln,2021,CHN->MYS,1.0307800811216268,ln
gravity,actual_over_gdp_implied,2021,CHN->MYS,2.803251745760289,ratio
gravity,resid_ln,2021,CHN->IDN,-0.16825089838977547,ln
gravity,actual_over_gdp_implied,2021,CHN->IDN,0.8451417633740335,ratio
gravity,resid_ln,2021,MEX->USA,2.258579891654069,ln
gravity,actual_over_gdp_implied,2021,MEX->USA,9.569489800431164,ratio
gravity,resid_ln,2021,VNM->USA,2.722590759719065,ln
gravity,actual_over_gdp_implied,2021,VNM->USA,15.219701801806957,ratio
gravity,resid_ln,2021,THA->USA,1.5343436319670118,ln
gravity,actual_over_gdp_implied,2021,THA->USA,4.638280111812301,ratio
gravity,resid_ln,2021,MYS->USA,1.9402995135670302,ln
gravity,actual_over_gdp_implied,2021,MYS->USA,6.960835523122855,ratio
gravity,resid_ln,2021,IDN->USA,-0.2018925493956374,ln
gravity,actual_over_gdp_implied,2021,IDN->USA,0.8171827300031734,ratio
gravity_fit,const,2022,OLS,-43.63621355991909,ln
gravity_fit,elast_gdp_exporter,2022,OLS,1.3441362484384705,elasticity
gravity_fit,elast_gdp_importer,2022,OLS,0.9866298663429639,elasticity
gravity_fit,r2,2022,OLS,0.5638330267344647,share
gravity_fit,n_dyads,2022,OLS,28578.0,count
gravity,resid_ln,2022,CHN->USA,-0.8326585244916309,ln
gravity,actual_over_gdp_implied,2022,CHN->USA,0.43489157819386354,ratio
gravity,resid_ln,2022,CHN->MEX,0.22311819849513626,ln
gravity,actual_over_gdp_implied,2022,CHN->MEX,1.249968309377883,ratio
gravity,resid_ln,2022,CHN->VNM,1.7608246655322972,ln
gravity,actual_over_gdp_implied,2022,CHN->VNM,5.817232688165367,ratio
gravity,resid_ln,2022,CHN->THA,1.0653581744966196,ln
gravity,actual_over_gdp_implied,2022,CHN->THA,2.9018781766975645,ratio
gravity,resid_ln,2022,CHN->MYS,1.1343604014792206,ln
gravity,actual_over_gdp_implied,2022,CHN->MYS,3.1091842771427314,ratio
gravity,resid_ln,2022,CHN->IDN,0.006212577128188457,ln
gravity,actual_over_gdp_implied,2022,CHN->IDN,1.006231915211178,ratio
gravity,resid_ln,2022,MEX->USA,2.313143426566512,ln
gravity,actual_over_gdp_implied,2022,MEX->USA,10.106142694663212,ratio
gravity,resid_ln,2022,VNM->USA,2.7769275763877594,ln
gravity,actual_over_gdp_implied,2022,VNM->USA,16.069572489664726,ratio
gravity,resid_ln,2022,THA->USA,1.772157206542655,ln
gravity,actual_over_gdp_implied,2022,THA->USA,5.883531674618288,ratio
gravity,resid_ln,2022,MYS->USA,1.8291923467086804,ln
gravity,actual_over_gdp_implied,2022,MYS->USA,6.228853872094084,ratio
gravity,resid_ln,2022,IDN->USA,-0.10851454153045026,ln
gravity,actual_over_gdp_implied,2022,IDN->USA,0.8971658485576092,ratio
gravity_fit,const,2023,OLS,-43.2021510049004,ln
gravity_fit,elast_gdp_exporter,2023,OLS,1.3468934888385016,elasticity
gravity_fit,elast_gdp_importer,2023,OLS,0.9627028721808948,elasticity
gravity_fit,r2,2023,OLS,0.564616006200335,share
gravity_fit,n_dyads,2023,OLS,28140.0,count
gravity,resid_ln,2023,CHN->USA,-0.9172774426882917,ln
gravity,actual_over_gdp_implied,2023,CHN->USA,0.3996055103299633,ratio
gravity,resid_ln,2023,CHN->MEX,0.1986228873000755,ln
gravity,actual_over_gdp_implied,2023,CHN->MEX,1.2197219065368794,ratio
gravity,resid_ln,2023,CHN->VNM,1.780207499729574,ln
gravity,actual_over_gdp_implied,2023,CHN->VNM,5.931086989861604,ratio
gravity,resid_ln,2023,CHN->THA,1.132340511480141,ln
gravity,actual_over_gdp_implied,2023,CHN->THA,3.102910405314609,ratio
gravity,resid_ln,2023,CHN->MYS,1.207358239460838,ln
gravity,actual_over_gdp_implied,2023,CHN->MYS,3.3446372406424905,ratio
gravity,resid_ln,2023,CHN->IDN,0.029985214105721525,ln
gravity,actual_over_gdp_implied,2023,CHN->IDN,1.0304392978743588,ratio
gravity,resid_ln,2023,MEX->USA,2.2605686653189494,ln
gravity,actual_over_gdp_implied,2023,MEX->USA,9.588540287006534,ratio
gravity,resid_ln,2023,VNM->USA,2.7456986775688605,ln
gravity,actual_over_gdp_implied,2023,VNM->USA,15.575492378627693,ratio
gravity,resid_ln,2023,THA->USA,1.8293870261735456,ln
gravity,actual_over_gdp_implied,2023,THA->USA,6.230066620077362,ratio
gravity,resid_ln,2023,MYS->USA,1.8699199435699754,ln
gravity,actual_over_gdp_implied,2023,MYS->USA,6.487776990231337,ratio
gravity,resid_ln,2023,IDN->USA,-0.2348103975633613,ln
gravity,actual_over_gdp_implied,2023,IDN->USA,0.7907207579992077,ratio
gravity_fit,const,2024,OLS,-44.29451430066464,ln
gravity_fit,elast_gdp_exporter,2024,OLS,1.3616053323701125,elasticity
gravity_fit,elast_gdp_importer,2024,OLS,0.985656237766098,elasticity
gravity_fit,r2,2024,OLS,0.5708552474273056,share
gravity_fit,n_dyads,2024,OLS,25958.0,count
gravity,resid_ln,2024,CHN->USA,-1.041626140948658,ln
gravity,actual_over_gdp_implied,2024,CHN->USA,0.35288038189992676,ratio
gravity,resid_ln,2024,CHN->MEX,0.23709091491379297,ln
gravity,actual_over_gdp_implied,2024,CHN->MEX,1.2675563523134334,ratio
gravity,resid_ln,2024,CHN->VNM,1.969362868699644,ln
gravity,actual_over_gdp_implied,2024,CHN->VNM,7.166109281021032,ratio
gravity,resid_ln,2024,CHN->THA,1.2263598630370396,ln
gravity,actual_over_gdp_implied,2024,CHN->THA,3.4087984313847084,ratio
gravity,resid_ln,2024,CHN->MYS,1.2957817583309428,ln
gravity,actual_over_gdp_implied,2024,CHN->MYS,3.6538512865970274,ratio
gravity,resid_ln,2024,CHN->IDN,0.14635503430264407,ln
gravity,actual_over_gdp_implied,2024,CHN->IDN,1.1576071053329922,ratio
gravity,resid_ln,2024,MEX->USA,2.209953235782475,ln
gravity,actual_over_gdp_implied,2024,MEX->USA,9.115290113663393,ratio
gravity,resid_ln,2024,VNM->USA,2.7864467395205317,ln
gravity,actual_over_gdp_implied,2024,VNM->USA,16.223271755245985,ratio
gravity,resid_ln,2024,THA->USA,1.8272146107900653,ln
gravity,actual_over_gdp_implied,2024,THA->USA,6.2165470179246665,ratio
gravity,resid_ln,2024,MYS->USA,1.9126474133790374,ln
gravity,actual_over_gdp_implied,2024,MYS->USA,6.77099070258059,ratio
gravity,resid_ln,2024,IDN->USA,-0.2583368874620504,ln
gravity,actual_over_gdp_implied,2024,IDN->USA,0.7723349982972063,ratio
us_import_gap,china_share_pct,2023,Census FT900,13.89,pct
us_import_gap,mexico_share_pct,2023,Census FT900,15.37,pct
us_import_gap,asean_share_pct,2023,Census FT900,10.07,pct
us_import_gap,mex_asean_share_pct,2023,Census FT900,25.44,pct
us_import_gap,gap_pp,2023,Census FT900,11.55,pp
us_import_gap,china_share_pct,2024,Census FT900,13.49,pct
us_import_gap,mexico_share_pct,2024,Census FT900,15.41,pct
us_import_gap,asean_share_pct,2024,Census FT900,10.73,pct
us_import_gap,mex_asean_share_pct,2024,Census FT900,26.15,pct
us_import_gap,gap_pp,2024,Census FT900,12.66,pp
us_import_gap,china_share_pct,2025,Census FT900,9.04,pct
us_import_gap,mexico_share_pct,2025,Census FT900,15.65,pct
us_import_gap,asean_share_pct,2025,Census FT900,13.26,pct
us_import_gap,mex_asean_share_pct,2025,Census FT900,28.91,pct
us_import_gap,gap_pp,2025,Census FT900,19.87,pp
us_import_gap,china_share_pct,2026 YTD (Jan-May),Census FT900,7.29,pct
us_import_gap,mexico_share_pct,2026 YTD (Jan-May),Census FT900,17.0,pct
us_import_gap,asean_share_pct,2026 YTD (Jan-May),Census FT900,16.01,pct
us_import_gap,mex_asean_share_pct,2026 YTD (Jan-May),Census FT900,33.01,pct
us_import_gap,gap_pp,2026 YTD (Jan-May),Census FT900,25.72,pp
us_import_gap,china_share_pct,2017,BACI mirror,21.66357083244346,pct
us_import_gap,mex_asean_share_pct,2017,BACI mirror,20.830466430051136,pct
us_import_gap,gap_pp,2017,BACI mirror,-0.8331044023923253,pp
us_import_gap,china_share_pct,2018,BACI mirror,21.53028809518689,pct
us_import_gap,mex_asean_share_pct,2018,BACI mirror,21.036072354839902,pct
us_import_gap,gap_pp,2018,BACI mirror,-0.49421574034698446,pp
us_import_gap,china_share_pct,2019,BACI mirror,18.503155254206728,pct
us_import_gap,mex_asean_share_pct,2019,BACI mirror,22.882273865219528,pct
us_import_gap,gap_pp,2019,BACI mirror,4.3791186110127995,pp
us_import_gap,china_share_pct,2020,BACI mirror,19.491662126829517,pct
us_import_gap,mex_asean_share_pct,2020,BACI mirror,23.952881836313303,pct
us_import_gap,gap_pp,2020,BACI mirror,4.461219709483784,pp
us_import_gap,china_share_pct,2021,BACI mirror,19.178939546522876,pct
us_import_gap,mex_asean_share_pct,2021,BACI mirror,23.620017970249517,pct
us_import_gap,gap_pp,2021,BACI mirror,4.441078423726637,pp
us_import_gap,china_share_pct,2022,BACI mirror,17.70729477352823,pct
us_import_gap,mex_asean_share_pct,2022,BACI mirror,24.126205606366362,pct
us_import_gap,gap_pp,2022,BACI mirror,6.418910832838131,pp
us_import_gap,china_share_pct,2023,BACI mirror,14.802740958619593,pct
us_import_gap,mex_asean_share_pct,2023,BACI mirror,25.531887667308613,pct
us_import_gap,gap_pp,2023,BACI mirror,10.729146708689019,pp
us_import_gap,china_share_pct,2024,BACI mirror,14.508947831767607,pct
us_import_gap,mex_asean_share_pct,2024,BACI mirror,26.632913201254567,pct
us_import_gap,gap_pp,2024,BACI mirror,12.12396536948696,pp
