# source: Federal Register API v1, agency=industry-and-security-bureau, type=RULE, term='entity list', publication_date >= 2024-01-01
# pulled: 2026-07-30
# script: analysis/05_pull_bis_rules.py
# units: one row per final rule document; china_semi_flag = title/abstract regex hit on China/PRC/semiconductor/advanced-computing/supercomputer/chip/IC/AI terms; entity counts per rule = MANUAL coding pass, not attempted
publication_date,document_number,title,html_url,china_semi_flag,abstract
2026-07-23,2026-14942,"Implementation of EAR Export Controls on Silencers, Mufflers, and Sound Suppressors; and Other Firearms Related Changes",https://www.federalregister.gov/documents/2026/07/23/2026-14942/implementation-of-ear-export-controls-on-silencers-mufflers-and-sound-suppressors-and-other-firearms,0,"The Department of Commerce (Commerce), Bureau of Industry and Security (BIS) is revising the Export Administration Regulations (EAR) and the Commerce Control List (CCL) to appropriately control certain silencers, mufflers, and sound suppressors (sound suppressors) that will no longer be described on the International Traffic in Arms Regulations U.S. Munitions List (USML). This interim final rule (IFR) complements a Department of State interim final rule published elsewhere in this issue of the Federal Register (International Traffic in Arms Regulations: USML Category I Firearm Suppressors (1400-AG11) (State IFR)). This transfer of jurisdiction will reduce the regulatory burden on exports of sound suppressors. This IFR also revises the EAR to allow firearms and related items to be temporarily exported and reexported under a license exception as tools of trade, thereby relieving exporters of the regulatory burden of applying for authorization. Finally, this IFR clarifies which items fall within the scope of the EAR's entry clearance requirements for a temporary import."
2026-07-14,2026-14132,"Enhanced Favorable Treatment for the United Arab Emirates Under the Export Administration Regulations",https://www.federalregister.gov/documents/2026/07/14/2026-14132/enhanced-favorable-treatment-for-the-united-arab-emirates-under-the-export-administration,1,"In this final rule, the Bureau of Industry and Security (BIS) amends the Export Administration Regulations (EAR) to provide enhanced favorable treatment for the United Arab Emirates (UAE). Specifically, BIS is removing the UAE from Country Groups D:3 and D:4 and adding the UAE to Country Group A:5. More license exceptions will now be available, including Strategic Trade Authorization (STA) for the UAE Government and approved commercial entities in the UAE. STA will authorize the export, reexport, or transfer (in-country) of military items; certain commercial satellites and spacecraft; and dual-use items useful in, inter alia, oil and gas production, desalination, and civil nuclear power generation. The UAE Government and approved commercial entities will also have license-free access to advanced computing items, consistent with the May 2025 U.S.-UAE Artificial Intelligence Cooperation framework, without compromising U.S. digital infrastructure buildout."
2026-04-09,2026-06851,"Extension of Authorized Integrated Circuit (IC) Designer Status and Application Deadline To Become an Approved IC Designer",https://www.federalregister.gov/documents/2026/04/09/2026-06851/extension-of-authorized-integrated-circuit-ic-designer-status-and-application-deadline-to-become-an,1,"The Bureau of Industry and Security (BIS) is revising the Export Administration Regulations (EAR) by extending by about eight months the triggering date for authorized integrated circuit designer status and submission date for applications to become an approved integrated circuit (IC) designer. The new date is December 31, 2026."
2026-01-21,2026-01059,"Streamlining Export Controls for Drone Exports",https://www.federalregister.gov/documents/2026/01/21/2026-01059/streamlining-export-controls-for-drone-exports,0,"The Bureau of Industry and Security (BIS) is easing export controls on certain civil Unmanned Aerial Vehicles (UAVs) and related technologies, which currently need a license to be exported to most countries. In particular, this interim final rule (IFR): a) allows less sensitive UAVs--namely, commercial UAVs with a maximum endurance of less than one hour, for which there is broad foreign availability--to be exported to most Wassenaar Arrangement Participating States (Country Group A:1) without a license; and b) allows more capable non-military UAVs--namely, certain long-range cargo delivery and agricultural spraying drones--to be exported to certain U.S. partners and allies (Country Group A:5) under License Exception Strategic Trade Authorization (STA). Exports pursuant to License Exception STA are subject to notification and reporting requirements to ensure the security of the exports. BIS is making these changes pursuant to Executive Order (E.O.) 14307, ""Unleashing American Drone Dominance."""
2026-01-15,2026-00789,"Revision to License Review Policy for Advanced Computing Commodities",https://www.federalregister.gov/documents/2026/01/15/2026-00789/revision-to-license-review-policy-for-advanced-computing-commodities,1,"The Bureau of Industry and Security (BIS) is revising its license review policy for exports of certain semiconductors to China and Macau--changing it from a presumption of denial to a case-by-case review. The semiconductors covered by this rule are the Nvidia H200 and its equivalents, as well as less advanced chips--provided that (1) the semiconductors are commercially available in the United States at the time of publication of this rule and (2) the exporter certifies that: there is sufficient supply of this product in the United States; production of this product for exports to China will not divert global foundry capacity for similar or more advanced products for end users in the United States; the recipient has demonstrated sufficient security procedures; and the item undergoes independent, third-party testing in the United States to verify its performance specifications."
2025-11-12,2025-19858,"Revisions to the Entity List",https://www.federalregister.gov/documents/2025/11/12/2025-19858/revisions-to-the-entity-list,1,"The Bureau of Industry and Security (BIS) is removing one entity from the Entity List under the destination of China, People's Republic of (China). BIS is also removing six aliases associated with a different entity on the Entity List under the destination of China. BIS has determined, based on the review of additional information, that the entities do not pose a significant risk of being or becoming involved in activities that are contrary to the national security or foreign policy interests of the United States."
2025-11-12,2025-19846,"One Year Suspension of Expansion of End-User Controls for Affiliates of Certain Listed Entities",https://www.federalregister.gov/documents/2025/11/12/2025-19846/one-year-suspension-of-expansion-of-end-user-controls-for-affiliates-of-certain-listed-entities,0,"In this final rule, the Bureau of Industry and Security (BIS) imposes a one-year suspension of the interim final rule, ""Expansion of End-User Controls to Cover Affiliates of Certain Listed Entities,"". The suspension is set to end November 9, 2026, absent a future extension."
2025-10-09,2025-19508,"Additions to the Entity List",https://www.federalregister.gov/documents/2025/10/09/2025-19508/additions-to-the-entity-list,1,"In this rule, the Bureau of Industry and Security (BIS) amends the Export Administration Regulations (EAR) by adding 29 entries (26 entities and 3 addresses) to the Entity List under the destinations of People's Republic of China (China) (19), Turkey (9), and the United Arab Emirates (UAE) (1). These entities have been determined by the U.S. Government to be acting contrary to the national security or foreign policy interests of the United States."
2025-09-30,2025-19001,"Expansion of End-User Controls To Cover Affiliates of Certain Listed Entities",https://www.federalregister.gov/documents/2025/09/30/2025-19001/expansion-of-end-user-controls-to-cover-affiliates-of-certain-listed-entities,0,"In this interim final rule (IFR), the Bureau of Industry and Security (BIS) amends the Export Administration Regulations (EAR) to address diversion concerns involving entities on the Entity List and certain other restricted end users. Under this IFR, any entity that is at least 50 percent owned by one or more entities on the Entity List will itself automatically be subject to Entity List restrictions. This is a marked improvement over the current standard, which excludes all entities that are not specifically included on the Entity List, regardless of affiliation with Entity List entities. This IFR similarly applies restrictions to entities at least 50 percent owned by listed `military end users' and certain sanctioned parties. The 50 percent ownership standard in this IFR is designed to be consistent with longstanding Department of the Treasury practice, so as to limit the additional burden on the business community."
2025-09-30,2025-18992,"Revision of Firearms License Requirements",https://www.federalregister.gov/documents/2025/09/30/2025-18992/revision-of-firearms-license-requirements,0,"On April 30, 2024, the Bureau of Industry and Security (BIS) published an interim final rule (Firearms IFR) that imposed new export license requirements for firearms and related ammunition and components. American firearms manufacturers estimated that these regulatory restrictions would cost them hundreds of millions of dollars per year in lost sales. BIS, informed by public comments on the Firearms IFR, has determined that the Firearms IFR should be rescinded in its entirety--with the only exception being to maintain new Export Control Classification Numbers (ECCNs). This final rule also amends the EAR by removing the Congressional notification requirement for certain semi-automatic firearms license applications. By restoring export controls on firearms to the state they were in at the end of the first Trump Administration, BIS is advancing the Administration's commitment to reducing regulatory burdens on industry and law-abiding firearms owners."
2025-09-17,2025-18015,"Adoption and Procedures of the Section 232 Automobile Parts Tariff Inclusions Process",https://www.federalregister.gov/documents/2025/09/17/2025-18015/adoption-and-procedures-of-the-section-232-automobile-parts-tariff-inclusions-process,0,"On March 26, 2025, the President issued Proclamation 10908, ""Adjusting Imports of Automobiles and Automobile Parts into The United States"" (Automobile Proclamation). The Automobile Proclamation required the Secretary of Commerce to establish a process for including additional automobile parts articles for passenger vehicles and light trucks within the scope of the tariffs imposed by the President in the Automobile Proclamation. This interim final rule (IFR) establishes the requisite process."
2025-09-16,2025-17893,"Additions and Revisions to the Entity List",https://www.federalregister.gov/documents/2025/09/16/2025-17893/additions-and-revisions-to-the-entity-list,1,"In this rule, the Bureau of Industry and Security (BIS) amends the Export Administration Regulations (EAR) by adding 32 entities to the Entity List. These entries are listed on the Entity List under the destination of China, People's Republic of (China) (23), India, (1), Iran (1), Singapore (1), Taiwan (1), Turkey (3), and the United Arab Emirates (UAE) (2). These entities have been determined by the U.S. Government to be acting contrary to the national security or foreign policy interests of the United States. This final rule revises an entry by removing two addresses from one entity under the destination of Russia. Finally, this rule amends 27 existing entries on the Entity List to correct typographical errors under the following destinations: Belarus (3), China (11), Iran (1), Pakistan (1), Russia (9), and Turkey (2)."
2025-09-02,2025-16735,"Revocation of Validated End-User Authorizations in the People's Republic of China",https://www.federalregister.gov/documents/2025/09/02/2025-16735/revocation-of-validated-end-user-authorizations-in-the-peoples-republic-of-china,1,"In this final rule, the Bureau of Industry and Security (BIS) amends the Export Administration Regulations (EAR) to revise the existing Validated End-User (VEU) Authorizations list for the People's Republic of China (PRC) by removing Intel Semiconductor (Dalian) Ltd; Samsung China Semiconductor Co. Ltd; and SK hynix Semiconductor (China) Ltd."
2025-09-02,2025-16724,"Relaxing Export Controls for Syria",https://www.federalregister.gov/documents/2025/09/02/2025-16724/relaxing-export-controls-for-syria,0,"In this final rule, the Bureau of Industry and Security (BIS) makes changes to the Syria export control measures under the Export Administration Regulations (EAR), consistent with Executive Order (E.O.) 14312, Providing for the Revocation of Syria Sanctions, which directed the removal of sanctions on Syria. This final rule relaxes the EAR's existing restrictions on exports and reexports to Syria of items subject to the EAR by making the following changes: revising certain restrictive license application review policies that had applied to most items subject to the EAR to be more favorable; expanding existing license exceptions to apply to Syria; and adding new license exceptions for Syria, including for EAR99 items."
2025-05-02,2025-07676,"Adoption and Procedures of the Section 232 Steel and Aluminum Tariff Inclusions Process",https://www.federalregister.gov/documents/2025/05/02/2025-07676/adoption-and-procedures-of-the-section-232-steel-and-aluminum-tariff-inclusions-process,0,"On February 10, 2025, the President issued Proclamations 10895, ""Adjusting Imports of Aluminum into The United States"" (Aluminum Proclamation), and 10896, ""Adjusting Imports of Steel into the United States"" (Steel Proclamation), imposing specified rates of duty on imports of aluminum and steel articles and certain derivative steel and aluminum articles, respectively (collectively, the Inclusions Proclamations). The Inclusions Proclamations also required the Secretary of Commerce to establish a process for including additional derivative aluminum and steel articles within the scope of the ad valorem duties. The Bureau of Industry and Security (BIS), in this interim final rule (IFR), establishes the process for including additional derivative aluminum and steel articles within the scope of the ad valorem duties authorized by the President under Section 232 of the Trade Expansion Act of 1962, as amended (Section 232). This IFR also removes the aluminum and steel exclusions process authorized by clause 3 of the March 18, 2018, Presidential Proclamations 9704 and 9705 (collectively, the Exclusions Proclamations)."
2025-04-25,2025-07185,"Revisions to the Unverified List",https://www.federalregister.gov/documents/2025/04/25/2025-07185/revisions-to-the-unverified-list,1,"The Bureau of Industry and Security (BIS) is amending the Export Administration Regulations (EAR) by adding 18 persons to the Unverified List (UVL). Of the 18 persons being added: five are under the destination of China, People's Republic of (China); six are under the destination of Finland; three are under the destination of T[uuml]rkiye; two are under the destination of Kazakhstan; one is under the destination of Italy; and one is under the destination of the United Kingdom. BIS is also amending the EAR by removing five persons from the UVL. Of the five persons being removed, three are under the destination of China and two are under the destination of the United Arab Emirates."
2025-03-28,2025-05427,"Additions to the Entity List",https://www.federalregister.gov/documents/2025/03/28/2025-05427/additions-to-the-entity-list,1,"In this rule, the Bureau of Industry and Security (BIS) amends the Export Administration Regulations (EAR) by adding 12 entities to the Entity List, under the destinations of China, People's Republic of (China) (11) and Taiwan (1). These entities have been determined by the U.S. Government to be acting contrary to the national security or foreign policy interests of the United States."
2025-03-28,2025-05426,"Additions and Modifications to the Entity List",https://www.federalregister.gov/documents/2025/03/28/2025-05426/additions-and-modifications-to-the-entity-list,1,"In this final rule, the Bureau of Industry and Security (BIS) amends the Export Administration Regulations (EAR) by adding 70 entities to the Entity List, under the destinations of China, People's Republic of (China) (42); Iran (2); Pakistan (19); South Africa (3); and the United Arab Emirates (UAE) (4). These entities have been determined by the U.S. Government to be acting contrary to the national security or foreign policy interests of the United States. This final rule also modifies four existing entries on the Entity List, consisting of revisions to one entry under France, one entry under Iran, one entry under Senegal, and one entry under the United Kingdom."
2025-02-14,2025-02655,"Implementation of Additional Due Diligence Measures for Advanced Computing Integrated Circuits; Amendments and Clarifications; and Extension of Comment Period; Correction",https://www.federalregister.gov/documents/2025/02/14/2025-02655/implementation-of-additional-due-diligence-measures-for-advanced-computing-integrated-circuits,1,"On January 16, 2025, BIS published in the Federal Register an interim final rule (IFR), ""Implementation of Additional Due Diligence Measures for Advanced Computing Integrated Circuits; Amendments and Clarifications; and Extension of Comment Period"" (January 16 IFR). This rule revises Export Control Classification Number (ECCN) 3A090 to correct this ECCN's license requirement added in the January 16 IFR."
2025-01-16,2025-00723,"Controls on Certain Laboratory Equipment and Related Technology To Address Dual Use Concerns About Biotechnology",https://www.federalregister.gov/documents/2025/01/16/2025-00723/controls-on-certain-laboratory-equipment-and-related-technology-to-address-dual-use-concerns-about,0,"With this interim final rule (IFR), the Bureau of Industry and Security (BIS) is revising the Export Administration Regulations (EAR) to address the accelerating development and deployment of advanced biotechnology tools contrary to U.S. national security and foreign policy interests. This rule institutes new controls on certain biotechnology equipment and related technology. It further solicits public comments on the changes it implements."
2025-01-16,2025-00711,"Implementation of Additional Due Diligence Measures for Advanced Computing Integrated Circuits; Amendments and Clarifications; and Extension of Comment Period",https://www.federalregister.gov/documents/2025/01/16/2025-00711/implementation-of-additional-due-diligence-measures-for-advanced-computing-integrated-circuits,1,"BIS is revising the Export Administration Regulations (EAR) in response to requests from the public to provide additional due diligence procedures regarding advanced computing integrated circuits (ICs). This interim final rule (IFR) will protect the national security of the United States and assist foundries and Outsourced Semiconductor Assembly and Test (""OSATs"") companies in complying with provisions of the EAR pertaining to advanced computing ICs in the supply chain. This IFR also revises the EAR to make amendments and clarifications to the EAR for changes made to the EAR in an IFR released by BIS on December 2, 2024, ""Foreign-Produced Direct Product Rule Additions, and Refinements to Controls for Advanced Computing and Semiconductor Manufacturing Items,"" (FDP IFR), including extending the deadline for written comments for the FDP IFR to March 14, 2025."
2025-01-16,2025-00704,"Addition of Entities to and Revision of Entry on the Entity List",https://www.federalregister.gov/documents/2025/01/16/2025-00704/addition-of-entities-to-and-revision-of-entry-on-the-entity-list,1,"In this rule, the Bureau of Industry and Security (BIS) amends the Export Administration Regulations (EAR) by adding 11 entities under 11 entries to the Entity List. These entries are listed on the Entity List under the destination of China, People's Republic of (China) (11). These entities have been determined by the U.S. Government to be acting contrary to the national security and/or foreign policy interests of the United States. This rule also revises one existing entry on the Entity List under the destination of India."
2025-01-16,2025-00592,"Securing the Information and Communications Technology and Services Supply Chain: Connected Vehicles",https://www.federalregister.gov/documents/2025/01/16/2025-00592/securing-the-information-and-communications-technology-and-services-supply-chain-connected-vehicles,0,"This final rule, published by the Department of Commerce's (Department) Bureau of Industry and Security (BIS), sets forth regulations and procedures to address undue or unacceptable risks to national security and U.S. persons posed by classes of transactions involving information and communications technology and services (ICTS) that are designed, developed, manufactured, or supplied by persons owned by, controlled by, or subject to the jurisdiction or direction of certain foreign adversaries and that are integral to connected vehicles as defined herein."
2025-01-16,2025-00480,"Additions to the Entity List",https://www.federalregister.gov/documents/2025/01/16/2025-00480/additions-to-the-entity-list,1,"In this rule, the Bureau of Industry and Security (BIS) amends the Export Administration Regulations (EAR) by adding 16 entities to the Entity List, under the destinations of China, People's Republic of (China) (14) and Singapore (2). These entities have been determined by the U.S. Government to be acting contrary to the national security or foreign policy interests of the United States."
2025-01-15,2025-00636,"Framework for Artificial Intelligence Diffusion",https://www.federalregister.gov/documents/2025/01/15/2025-00636/framework-for-artificial-intelligence-diffusion,1,"With this interim final rule, the Commerce Department's Bureau of Industry and Security (BIS) revises the Export Administration Regulations' (EAR) controls on advanced computing integrated circuits (ICs) and adds a new control on artificial intelligence (AI) model weights for certain advanced closed-weight dual-use AI models. In conjunction with the expansion of these controls, which BIS has determined are necessary to protect U.S. national security and foreign policy interests, BIS is adding new license exceptions and updating the Data Center Validated End User authorization to facilitate the export, reexport, and transfer (in-country) of advanced computing (ICs) to end users in destinations that do not raise national security or foreign policy concerns. Together, these changes will cultivate secure ecosystems for the responsible diffusion and use of AI and advanced computing ICs."
2025-01-06,2024-31468,"Revisions to the Entity List",https://www.federalregister.gov/documents/2025/01/06/2024-31468/revisions-to-the-entity-list,1,"In this rule, the Bureau of Industry and Security (BIS) amends the Export Administration Regulations (EAR) by adding 13 entities under 13 entries to the Entity List. These entries are listed on the Entity List under the destinations of Burma (1), China, People's Republic of (China) (11), and Pakistan (1). These entities have been determined by the U.S. Government to be acting contrary to the national security and/ or foreign policy interests of the United States. This rule also amends the EAR by making certain editorial corrections and clarifications. BIS is making the corrections and clarifications in order to minimize confusion and not impede the free flow of commerce."
2024-12-23,2024-30425,"Implementation of Certain Australia Group Decisions",https://www.federalregister.gov/documents/2024/12/23/2024-30425/implementation-of-certain-australia-group-decisions,0,"The Bureau of Industry and Security (BIS) is amending the Export Administration Regulations (EAR) to implement changes agreed to by Australia Group (AG) member countries at recent meetings. These include controlling: instruments for the automated chemical synthesis of peptides (automated peptide synthesizers), dipropylamine, and neosaxitoxin; and revising the controls for botulinum toxins, toxic gas monitors, and centrifugal separators. This rule also makes minor conforming changes for the new controls and revisions to existing controls."
2024-12-11,2024-29136,"Additions to the Entity List",https://www.federalregister.gov/documents/2024/12/11/2024-29136/additions-to-the-entity-list,1,"In this rule, the Bureau of Industry and Security (BIS) amends the Export Administration Regulations (EAR) by adding 8 entities to the Entity List, under the destinations of Burma (2), China, People's Republic of (China) (2), and Russia (4). These entities have been determined by the U.S. Government to be acting contrary to the national security or foreign policy interests of the United States."
2024-12-05,2024-28270,"Foreign-Produced Direct Product Rule Additions, and Refinements to Controls for Advanced Computing and Semiconductor Manufacturing Items",https://www.federalregister.gov/documents/2024/12/05/2024-28270/foreign-produced-direct-product-rule-additions-and-refinements-to-controls-for-advanced-computing,1,"In this interim final rule (IFR), the Bureau of Industry and Security (BIS) makes changes to the Export Administration Regulations (EAR) controls for certain advanced computing items, supercomputers, and semiconductor manufacturing equipment, which includes adding new controls for certain semiconductor manufacturing equipment and related items, creating new Foreign Direct Product (FDP) rules for certain commodities to impair the capability to produce ""advanced-node integrated circuits"" (""advanced-node ICs"") by certain destinations or entities of concern, adding new controls for certain high bandwidth memory important for advanced computing, and clarifying controls on certain software keys that allow for the use of items such as software tools. This IFR publishes concurrently with another BIS final rule entitled, ""Additions and Modifications to the Entity List; and Removals from the Validated End-User (VEU) Program"" (Entity List rule) that adds to and modifies the Entity List to ensure appropriate EAR controls are in place for certain critical technologies and to minimize the risk of diversion to entities of concern."
2024-12-05,2024-28267,"Additions and Modifications to the Entity List; Removals From the Validated End-User (VEU) Program",https://www.federalregister.gov/documents/2024/12/05/2024-28267/additions-and-modifications-to-the-entity-list-removals-from-the-validated-end-user-veu-program,1,"In this final rule, the Bureau of Industry and Security (BIS) amends the Export Administration Regulations (EAR) by adding 140 entities to the Entity List. These entries are listed on the Entity List under the destinations of China, People's Republic of (China), Japan, South Korea, and Singapore and have been determined by the U.S. Government to be acting contrary to the national security and foreign policy interests of the United States. This final rule also modifies 14 existing entries on the Entity List, consisting of revisions to 14 entries under China. This final rule publishes concurrently with BIS's interim final rule, ""Foreign-Produced Direct Product Rule Additions, and Refinements to Controls for Advanced Computing and Semiconductor Manufacturing Items"" (0694-AJ74), which makes additional changes to the EAR controls on advanced computing items and semiconductor manufacturing items. This final rule is part of this larger effort to ensure that appropriate EAR controls are in place on these items, including in connection with transactions destined to or otherwise involving the entities being added to the Entity List, as well as for existing entries on the Entity List that are being modified. All of these entities (those newly added and those being modified) are involved with the development and production of ""advanced-node integrated circuits"" (""advanced-node ICs"") and/or semiconductor manufacturing items, and/or have supported the Chinese government's Military-Civil Fusion (MCF) Development Strategy. Additionally, this final rule designates nine of these entities being added and seven of the entries being modified as entities for which entity-specific restrictions involving foreign-produced items apply. This final rule also amends the EAR by removing three entities from the Validated End- User (VEU) Program."
2024-12-04,2024-28423,"Public Briefing on Changes to Advanced Computing and Semiconductor Manufacturing Items",https://www.federalregister.gov/documents/2024/12/04/2024-28423/public-briefing-on-changes-to-advanced-computing-and-semiconductor-manufacturing-items,1,"On December 2, 2024, the Office of the Federal Register posted for public inspection two related Bureau of Industry and Security (BIS) rules: an interim final rule, ""Foreign-Produced Direct Product Rule Additions, and Refinements to Controls for Advanced Computing and Semiconductor Manufacturing Items,"" (RIN 0694-AJ74) and a final rule, ""Additions and Modifications to the Entity List; Removals from the Validated End-User (VEU) Program"" (RIN 0694-AJ77). This document announces that, on December 5, 2024, BIS will host a virtual public briefing on these rules. This document also provides details on the procedures for participating in the virtual public briefing."
2024-11-26,2024-27648,"Implementation of Additional Controls on Pakistan",https://www.federalregister.gov/documents/2024/11/26/2024-27648/implementation-of-additional-controls-on-pakistan,0,"The Bureau of Industry and Security (BIS) is amending the Export Administration Regulations (EAR) by imposing new licensing requirements on exports, reexports, and transfers (in-country) to and within Pakistan of certain items identified on the Commerce Control List (CCL) that are not currently subject to a license requirement when destined for Pakistan. This change is being made to ensure that such transactions receive U.S. government review to reduce the risk of diversion to an end use or end user of concern."
2024-11-01,2024-25445,"Implementation of Additional Export Controls Against Russia and Belarus Under the Export Administration Regulations (EAR); and Clarifications",https://www.federalregister.gov/documents/2024/11/01/2024-25445/implementation-of-additional-export-controls-against-russia-and-belarus-under-the-export,0,"In this final rule, the Bureau of Industry and Security (BIS) makes changes to the export controls against Russia and Belarus under the Export Administration Regulations (EAR). This final rule expands the scope of the Russian and Belarusian Industry Sector Sanctions by imposing controls on nine key precursors for riot control agents and a chemical weapon that Russia has deployed against Ukraine in violation of the Chemical Weapons Convention (CWC). This final rule also makes adjustments to exclusions, exceptions, and licensing policy for exports, reexports, or transfers (in-country) to certain components of the governments of Country Group A:5 and A:6 destinations that are in Russia and Belarus. Lastly, this final rule clarifies that the Russia/ Belarus-Military End User and Procurement Foreign-Direct Product (FDP) rule and the EAR's other Entity List FDP rules' license requirements extend to or within any destination or to any end user or party that otherwise meets the criteria. This final rule is being published concurrently with a BIS final rule, ""Additions and Revisions of Entities to the Entity List"" (RIN 0694-AJ94), which includes additional changes related to export controls related to Russia and Belarus."
2024-11-01,2024-25411,"Additions and Revisions of Entities to the Entity List",https://www.federalregister.gov/documents/2024/11/01/2024-25411/additions-and-revisions-of-entities-to-the-entity-list,1,"In this rule, the Bureau of Industry and Security (BIS) amends the Export Administration Regulations (EAR) by adding 40 entities under 42 entries and four addresses under four entries to the Entity List. These entries are listed on the Entity List under the destinations of China, People's Republic of (China) (11), India (5), Malaysia (2), Russia (13), Singapore (1), and Turkey (14). Two entities are added to the Entity List under two destinations, which accounts for the difference in the totals. This final rule also modifies 52 existing entries on the Entity List under the destinations of China, Estonia, Finland, India, Turkey, the United Arab Emirates (UAE), and the United Kingdom. These entities have been determined by the U.S. Government to be acting contrary to the national security or foreign policy interests of the United States. This final rule is being published concurrently with a BIS final rule, ""Implementation of Additional Export Controls Against Russia and Belarus Under the Export Administration Regulations (EAR); and Clarifications"" (RIN 0694-AJ93), which includes additional changes related to export controls related to Russia and Belarus."
2024-10-23,2024-24562,"Addition of Entities, Revision of an Entry, and Removal of Entries on the Entity List",https://www.federalregister.gov/documents/2024/10/23/2024-24562/addition-of-entities-revision-of-an-entry-and-removal-of-entries-on-the-entity-list,1,"In this final rule, the Bureau of Industry and Security (BIS) amends the Export Administration Regulations (EAR) by adding 26 entries to the Entity List, under the destinations of the People's Republic of China (China), Egypt, Pakistan, and the United Arab Emirates (UAE) and modifies one existing entry under the destination of China. This rule also removes two entities from the entity list: one entity listed under the destination of China, and a second entity listed under the destinations of Canada, India, Japan, Malaysia, Sweden and the UAE."
2024-10-23,2024-23958,"Export Administration Regulations: Revisions to Space-Related Export Controls",https://www.federalregister.gov/documents/2024/10/23/2024-23958/export-administration-regulations-revisions-to-space-related-export-controls,0,"In this interim final rule (IFR), the Bureau of Industry and Security (BIS) makes changes to controls for spacecraft and related items under the Export Administration Regulations (EAR). This IFR reduces license requirements on less sensitive items to reflect the close relations with certain countries to better facilitate space collaboration; and makes refinements and clarifications to existing controls. These changes will better enable a globally competitive U.S. space industrial base while continuing to protect U.S. national security and foreign policy interests."
2024-10-16,2024-23638,"Revisions to the Unverified List",https://www.federalregister.gov/documents/2024/10/16/2024-23638/revisions-to-the-unverified-list,1,"The Bureau of Industry and Security (BIS) is amending the Export Administration Regulations (EAR) by adding eight persons to the Unverified List (UVL). Of the eight persons being added, three are under the destination of China, People's Republic of (China); two are under the destination of Germany; one is under the destination of Pakistan; and two are under the destination of T[uuml]rkiye. BIS is also amending the EAR by removing two persons from the UVL. Of the two persons being removed, one is under the destination of Saudi Arabia, and the other is under the destination of China."
2024-10-02,2024-22587,"Expansion of Validated End User Authorization: Data Center Validated End User Authorization",https://www.federalregister.gov/documents/2024/10/02/2024-22587/expansion-of-validated-end-user-authorization-data-center-validated-end-user-authorization,1,"In this rule, the Department of Commerce, Bureau of Industry and Security (BIS), amends the Export Administration Regulations (EAR) to expand the Validated End User Authorization (VEU) program to include VEU Authorization for data centers located in specified destinations (""Data Center VEU"" or ""Data Center VEU Authorization""). This expansion of the VEU program to include Data Center VEU is intended to facilitate quick and reliable export or reexport of items on the Commerce Control List necessary for a data center, including advanced computing items, to preapproved trusted end users. Data Center VEU adopts much of the framework of the existing VEU program, with additional requirements. This expansion of eligibility is intended to update the VEU program to recognize the advancement and benefits of artificial intelligence. As under the original VEU Authorization Program, the U.S. government will rigorously review Data Center VEU candidates' applications subject to detailed and verifiable criteria."
2024-09-16,2024-21109,"Addition of Entities to the Entity List",https://www.federalregister.gov/documents/2024/09/16/2024-21109/addition-of-entities-to-the-entity-list,0,""
2024-09-16,2024-21013,"Administrative and Enforcement Provisions",https://www.federalregister.gov/documents/2024/09/16/2024-21013/administrative-and-enforcement-provisions,0,"With this final rule, the Bureau of Industry and Security (BIS) amends the Export Administration Regulations (EAR) by making certain revisions and clarifications. This final rule revises provisions related to the voluntary self-disclosure process for exporters who believe that they may have violated the EAR, or any order, license or authorization issued thereunder. This final rule also provides clarified guidance on charging and penalty determinations in settlement of administrative enforcement cases."
2024-09-06,2024-19633,"Commerce Control List Additions and Revisions; Implementation of Controls on Advanced Technologies Consistent With Controls Implemented by International Partners",https://www.federalregister.gov/documents/2024/09/06/2024-19633/commerce-control-list-additions-and-revisions-implementation-of-controls-on-advanced-technologies,1,"The Bureau of Industry and Security (BIS) is implementing export controls on several semiconductor, quantum, and additive manufacturing items for national security and foreign policy reasons. This rule adds new Export Control Classification Numbers (ECCNs) to the Commerce Control List, revises existing ECCNs, adds a new license exception to authorize exports and reexports to and by countries that have implemented equivalent technical controls for these newly added items, and adds two new worldwide license requirements to the national security and regional stability controls in the Export Administration Regulations (EAR). These controls are the product of extensive discussions with international partners."
2024-08-27,2024-19132,"Implementation of Additional Sanctions Against Russia and Belarus Under the Export Administration Regulations (EAR); and Corrections",https://www.federalregister.gov/documents/2024/08/27/2024-19132/implementation-of-additional-sanctions-against-russia-and-belarus-under-the-export-administration,0,"In this final rule, the Bureau of Industry and Security (BIS) makes changes to the Russian and Belarusian sanctions under the Export Administration Regulations (EAR). This final rule expands the scope of the Russia/Belarus-Military End User (MEU) Foreign-Direct Product (FDP) rule, and renames it accordingly, so that the rule will also apply to transactions involving entities on the Entity List that pose a significant risk of involvement in the supply or diversion of items subject to the EAR to procurement networks for Russia's and Belarus's defense industry or intelligence services. This final rule also adds controls on the export, reexport, or transfer (in-country) to or within Russia or Belarus of ""software"" for the operation of computer numerical control (CNC) machine tools. In addition, this final rule makes corrections and clarifications to certain aspects of the EAR's Russia and Belarus sanctions."
2024-08-27,2024-19130,"Revisions to the Entity List",https://www.federalregister.gov/documents/2024/08/27/2024-19130/revisions-to-the-entity-list,1,"In this rule, the Bureau of Industry and Security (BIS) amends the Export Administration Regulations (EAR) by adding 123 entities under 131 entries to the Entity List. These entries are listed on the Entity List under the destinations of Canada (1), the People's Republic of China (China) (42), the Crimea Region of Ukraine (1), Cyprus (1), Iran (11), Kazakhstan (1), Kyrgyzstan (1), Russia (63), Turkey (8), Ukraine (1), and the United Arab Emirates (UAE) (1). Three entities are added to the Entity List under two destinations and two entities are added to the Entity List under three destinations, which accounts for the difference in the totals. These entities have been determined by the U.S. Government to be acting contrary to the national security or foreign policy interests of the United States."
2024-07-26,2024-16566,"Iran Foreign Direct Product Rule",https://www.federalregister.gov/documents/2024/07/26/2024-16566/iran-foreign-direct-product-rule,0,"On April 24, 2024, President Biden signed ""Making emergency supplemental appropriations for the fiscal year ending September 30, 2024, and for other purposes,"" into law. The law requires the United States to regulate the export of certain foreign-produced items destined for Iran. This rule implements the law's requirements by expanding the scope of the Export Administration Regulations' (EAR) Foreign Direct Product rule for Iran and applicable license requirements, thereby increasing restrictions under the EAR."
2024-07-25,2024-16379,"Standards-Related Activities and the Export Administration Regulations; Corrections",https://www.federalregister.gov/documents/2024/07/25/2024-16379/standards-related-activities-and-the-export-administration-regulations-corrections,0,"On July 18, 2024, the Bureau of Industry and Security published an interim final rule that revised the Export Administration Regulations (EAR). That rule inadvertently revised language related to recent changes to the Entity List. This document corrects the inadvertent revisions introduced in the July 18, 2024, rule."
2024-07-22,2024-15370,"Clarifications and Updates to Defense Priorities and Allocations System Regulation",https://www.federalregister.gov/documents/2024/07/22/2024-15370/clarifications-and-updates-to-defense-priorities-and-allocations-system-regulation,0,"The Bureau of Industry and Security (BIS) is finalizing amendments to its Defense Priorities and Allocations System (DPAS) regulation as originally proposed on February 7, 2024 with minor technical amendments. This final rule clarifies existing standards and procedures by which BIS may provide Special Priorities Assistance (SPA); revises Schedule I to provide transparency and differentiation between other departments' priorities jurisdiction and the Department of Commerce's jurisdiction; and provides technical edits to reflect certain non-substantive updates since the DPAS regulation was last amended in 2014, including updated contact information, legal citations, and definitions. The two technical amendments are made to accurately reflect updated information sourced from other Federal agencies."
2024-07-18,2024-15810,"Standards-Related Activities and the Export Administration Regulations",https://www.federalregister.gov/documents/2024/07/18/2024-15810/standards-related-activities-and-the-export-administration-regulations,0,"In this interim final rule, the Bureau of Industry and Security (BIS) amends the Export Administration Regulations (EAR) to revise the scope and the terms used in the EAR to describe ""standards- related activities"" that are subject to the EAR. BIS is making these revisions to ensure that export controls and associated compliance concerns do not impede the participation and leadership of U.S. companies in legitimate standards- related activities."
2024-07-18,2024-15258,"Redesignation of Regulations for Securing the Information and Communications Technology and Services Supply Chain",https://www.federalregister.gov/documents/2024/07/18/2024-15258/redesignation-of-regulations-for-securing-the-information-and-communications-technology-and-services,0,"This rule redesignates regulations governing the procedures for the review of certain transactions involving information and communications technology and services (ICTS) designed, developed, manufactured, or supplied by persons owned by, controlled by, or subject to the jurisdiction or direction of a foreign adversary and which pose or may pose undue or unacceptable risks to the United States or U.S. persons. This action reflects the transfer of responsibility for implementing these regulations from the Secretary of Commerce to the Bureau of Industry and Security (BIS), Office of Information and Communications Technology and Services (OICTS)."
2024-07-03,2024-14642,"The Unverified List; Additions and Removals",https://www.federalregister.gov/documents/2024/07/03/2024-14642/the-unverified-list-additions-and-removals,1,"The Bureau of Industry and Security (BIS) is amending the Export Administration Regulations (EAR) by adding 13 persons to the Unverified List (UVL). The 13 persons being added are added under the following destinations: China, Peoples' Republic of (China) (8), Cyprus (1), Kyrgyzstan (1), T[uuml]rkiye (2), and the United Arab Emirates (UAE) (1). BIS is also amending the EAR by removing eight persons from the UVL. Of the eight persons being removed, one is under the destination of the UAE, one is under the destination of Russia, and six are under the destination of China. This final rule also removes the country name Russia from the UVL. Lastly, this final rule replaces the country name Turkey with T[uuml]rkiye in the UVL. This is a conforming change to the U.S. State Department's recognition on January 9, 2023, of T[uuml]rkiye's official name."
2024-07-03,2024-14635,"Addition of Entities and Revision of Entries on the Entity List",https://www.federalregister.gov/documents/2024/07/03/2024-14635/addition-of-entities-and-revision-of-entries-on-the-entity-list,1,"In this rule, the Bureau of Industry and Security (BIS) amends the Export Administration Regulations (EAR) by adding six entries to the Entity List, under the destinations of the People's Republic of China (China) (2), South Africa (1), the United Arab Emirates (UAE) (2), and the United Kingdom (1). These entities have been determined by the U.S. Government to be acting contrary to the national security or foreign policy interests of the United States. This rule also modifies two existing entities on the Entity List, one under the destination of China and one under the destination of Russia."
2024-06-24,2024-13695,"Additions to the Entity List",https://www.federalregister.gov/documents/2024/06/24/2024-13695/additions-to-the-entity-list,0,"In this rule, the Bureau of Industry and Security (BIS) amends the Export Administration Regulations (EAR) by adding 3 entries to the Entity List, under the destinations of Russia (2), and the United Kingdom (1). These entities have been determined by the U.S. Government to be acting contrary to the national security or foreign policy interests of the United States."
2024-06-18,2024-13148,"Implementation of Additional Sanctions Against Russia and Belarus Under the Export Administration Regulations (EAR) and Refinements to Existing Controls",https://www.federalregister.gov/documents/2024/06/18/2024-13148/implementation-of-additional-sanctions-against-russia-and-belarus-under-the-export-administration,1,"In this final rule, the Bureau of Industry and Security (BIS) makes changes to the Russia and Belarus sanctions under the Export Administration Regulations (EAR). This final rule imposes additional export control measures against Russia and Belarus by expanding the scope of items identified under two EAR supplements that are subject to the EAR's Russian and Belarusian industry sector sanctions; imposing a ""software"" license requirement for certain EAR99-designated ""software"" when destined to or within Russia or Belarus; and narrowing the scope of commodities and software that may be authorized for export, reexport, or transfer (in-country) to or within Russia or Belarus under License Exception Consumer Communications Devices (CCD). To promote clarity and facilitate compliance, this final rule also consolidates the EAR's Russian and Belarus sanctions into a single section, while maintaining the existing related regulatory supplements identifying items that are subject to certain of those sanctions. This final rule also amends the EAR by adding five entities and eight addresses to the Entity List and making changes to the Entity List structure. These entries are listed on the Entity List under the destinations of the People's Republic of China (China) and Russia and have been determined by the U.S. Government to be acting contrary to the national security or foreign policy interests of the United States. Lastly, this final rule makes two additional revisions to the EAR: one to confirm the criteria used when revising, suspending, or revoking EAR license exceptions and one revision to clarify the control status of fasteners for purposes of the EAR's Russian and Belarusian industry sector sanctions."
2024-05-20,2024-10725,"Revisions of the Section 232 Steel and Aluminum Tariff Exclusions Process",https://www.federalregister.gov/documents/2024/05/20/2024-10725/revisions-of-the-section-232-steel-and-aluminum-tariff-exclusions-process,0,"This final rule revises aspects of the process for requesting exclusions from the duties and quantitative limitations on imports of aluminum and steel discussed in five previous Bureau of Industry and Security (""BIS"") interim final rules implementing the exclusion process authorized by the President under section 232 of the Trade Expansion Act of 1962, as amended (""Section 232""). The changes in this final rule are also informed by public comments on a proposed rule on the Section 232 exclusions process that was published by BIS on August 28, 2023 (August 2023 Proposed Rule), detailed below. This final rule thus removes 12 General Approved Exclusions (GAEs) that were added in the December 2020 rule and maintained through the December 2021 rule, consisting of six GAEs for steel and six GAEs for aluminum."
2024-05-14,2024-10485,"Additions of Entities to the Entity List",https://www.federalregister.gov/documents/2024/05/14/2024-10485/additions-of-entities-to-the-entity-list,1,"In this final rule, the Bureau of Industry and Security (BIS) amends the Export Administration Regulations (EAR) by adding 37 entities under 37 entries to the Entity List. These entries are listed on the Entity List under the destinations of the People's Republic of China (China) and have been determined by the U.S. Government to be acting contrary to the national security or foreign policy interests of the United States."
2024-04-30,2024-08813,"Revision of Firearms License Requirements",https://www.federalregister.gov/documents/2024/04/30/2024-08813/revision-of-firearms-license-requirements,0,"In this interim final rule (IFR), the Bureau of Industry and Security (BIS) is amending the Export Administration Regulations (EAR) to enhance the control structure for firearms and related items. These changes will better protect U.S. national security and foreign policy interests, which include countering the diversion and misuse of firearms and related items and advancing human rights. This rule identifies semi-automatic firearms under new Export Control Classification Numbers (ECCNs); adds additional license requirements for Crime Control and Detection (CC) items, thereby resulting in additional restrictions on the availability of license exceptions for most destinations; amends license review policies so that they are more explicit as to the nature of review that will accompany different types of transactions and license exception availability (including adding a new list of high-risk destinations); updates and expands requirements for support documentation submitted with license applications; and better accounts for the import documentation requirements of other countries (such as an import certificate or other permit prior to importation) when firearms and related items are authorized under a BIS license exception. BIS is publishing this rule as an IFR to solicit comments from the public on additional changes to export controls on firearms and related items that would better protect U.S. national security and foreign policy interests."
2024-04-29,2024-09076,"Amendment to Existing Controls on Russia and Belarus Under the Export Administration Regulations (EAR) Adding New License Exception Medical Devices (MED); Corrections",https://www.federalregister.gov/documents/2024/04/29/2024-09076/amendment-to-existing-controls-on-russia-and-belarus-under-the-export-administration-regulations-ear,0,"In this final rule, the Bureau of Industry and Security (BIS) makes changes to the Russia and Belarus sanctions under the Export Administration Regulations (EAR) to add a new license exception for EAR99 medical devices and related parts, components, accessories, and attachments for use in or with medical devices that are destined for both countries and the temporarily occupied Crimea region of Ukraine, or the covered regions of Ukraine. The purpose of this final rule is to authorize under a license exception certain exports, reexports, and transfers (in-country) of ""medical devices"" that are being regularly approved and that advance U.S. national security and foreign policy interests. In addition, this final rule makes two corrections to the EAR related to Russia-related rules published in January, and March, 2024 by correcting an end-user control and adding a cross-reference correction."
2024-04-19,2024-08446,"Export Control Revisions for Australia, United Kingdom, United States (AUKUS) Enhanced Trilateral Security Partnership",https://www.federalregister.gov/documents/2024/04/19/2024-08446/export-control-revisions-for-australia-united-kingdom-united-states-aukus-enhanced-trilateral,0,"With this interim final rule (IFR), the Bureau of Industry and Security (BIS) amends the Export Administration Regulations (EAR) to remove license requirements, expand the availability of license exceptions, and reduce the scope of end-use and end-user-based license requirements for exports, reexports, and transfers (in-country) to or within Australia and the United Kingdom (UK) to enhance technological innovation among the three countries and support the goals of the AUKUS Trilateral Security Partnership."
2024-04-11,2024-07760,"Addition of Entities to and Revision of Entry on the Entity List",https://www.federalregister.gov/documents/2024/04/11/2024-07760/addition-of-entities-to-and-revision-of-entry-on-the-entity-list,1,"In this rule, the Bureau of Industry and Security (BIS) amends the Export Administration Regulations (EAR) by adding 11 entries to the Entity List, under the destinations of the Peoples Republic of China (China) (6), the Russian Federation (Russia) (3), and the United Arab Emirates (UAE) (2). These entities have been determined by the U.S. Government to be acting contrary to the national security or foreign policy interests of the United States. This rule also modifies one existing entity on the Entity List under the destination of China."
2024-04-04,2024-07004,"Implementation of Additional Export Controls: Certain Advanced Computing Items; Supercomputer and Semiconductor End Use; Updates and Corrections; and Export Controls on Semiconductor Manufacturing Items; Corrections and Clarifications",https://www.federalregister.gov/documents/2024/04/04/2024-07004/implementation-of-additional-export-controls-certain-advanced-computing-items-supercomputer-and,1,"On October 25, 2023, the Bureau of Industry and Security (BIS) published in the Federal Register the interim final rules (IFR), ""Export Controls on Semiconductor Manufacturing Items"" (SME IFR) and ""Implementation of Additional Export Controls: Certain Advanced Computing Items; Supercomputer and Semiconductor End Use; Updates and Corrections"" (AC/S IFR). This rule corrects inadvertent errors in those rules and makes additional clarifications for the two rules."
2024-03-21,2024-06067,"Export Administration Regulations End-User Controls: Imposition of Restrictions on Certain Persons Identified on the List of Specially Designated Nationals and Blocked Persons (SDN List)",https://www.federalregister.gov/documents/2024/03/21/2024-06067/export-administration-regulations-end-user-controls-imposition-of-restrictions-on-certain-persons,0,"In this final rule, the Bureau of Industry and Security (BIS) makes changes to the end-user controls of the Export Administration Regulations (EAR) to add end-user controls, and in certain cases expand existing end-user controls, on certain persons identified on the List of Specially Designated Nationals and Blocked Persons (SDN List) maintained by the Department of the Treasury's Office of Foreign Assets Control (OFAC)."
2024-03-15,2024-05696,"Revisions To Export, Reexport, and Transfer (In-Country) Controls for Nicaragua Under the Export Administration Regulations",https://www.federalregister.gov/documents/2024/03/15/2024-05696/revisions-to-export-reexport-and-transfer-in-country-controls-for-nicaragua-under-the-export,0,"In this final rule, BIS amends the Export Administration Regulations (EAR) to apply more restrictive treatment to exports and reexports to, and transfers (in-country) within, Nicaragua of items subject to the EAR. This action is consistent with the State Department's addition of Nicaragua to the list of countries that are subject to a U.S. arms embargo under the International Traffic in Arms Regulations (ITAR). To reflect this changed status under the ITAR, BIS adds Nicaragua to Country Group D:5. BIS's amendments also address concerns regarding the Nicaraguan Government's commission of human rights abuses against citizens and civil society groups, as well as the regime's ongoing military and security cooperation with Russia. Specifically, BIS is moving Nicaragua from Country Group B to Country Group D, a more restrictive country grouping, applying a stringent licensing policy for items controlled for national security reasons, and making the country subject to `military end use' and `military end user' restrictions. This rule advances the U.S. Government's efforts to restrict the availability of items subject to the EAR to Nicaragua's military and security services. Additionally, consistent with BIS's authorities under the Export Control Reform Act of 2018, this rule demonstrates a commitment to using export controls to protect human rights and promote democracy."
2024-03-13,2024-05267,"Clarification of Controls on Radiation Hardened Integrated Circuits and Expansion of License Exception GOV",https://www.federalregister.gov/documents/2024/03/13/2024-05267/clarification-of-controls-on-radiation-hardened-integrated-circuits-and-expansion-of-license,1,"The Bureau of Industry and Security (BIS) is amending the Export Administration Regulations (EAR) to clarify controls on radiation hardened integrated circuits, including controls on computer and telecommunications equipment incorporating such radiation hardened integrated circuits. This rule also addresses certain scenarios that apply to certain integrated circuits acquired, tested, or otherwise used by or for the United States Government and affirms the availability of License Exception GOV for such items when pursuant to an official written request or directive from the Department of Defense or the Department of Energy. Lastly, this rule expands the availability of License Exception GOV for microelectronics items being exported, reexported, or transferred (in-country) in furtherance of a contract between the exporter, reexporter, or transferor and a department or agency of the U.S. Government when the contract provides for the export, reexport, transfer (in-country) of the item by the exporter, reexporter, or transferor in order to remove export control obstacles for official business of the U.S. Government, including the Department of Energy and the Department of Defense."
2024-02-27,2024-03969,"Additions of Entities to the Entity List",https://www.federalregister.gov/documents/2024/02/27/2024-03969/additions-of-entities-to-the-entity-list,1,"In this rule, the Bureau of Industry and Security (BIS) amends the Export Administration Regulations (EAR) by adding 93 entities under 95 entries to the Entity List. These entries are listed on the Entity List under the destinations of the People's Republic of China (China) (8), India (1), Kyrgyzstan (2), Russia (63), South Korea (1), Turkey (16), and the United Arab Emirates (UAE) (4). Two entities are added to the Entity List under two destinations, accounting for the difference in the totals. These entities have been determined by the U.S. Government to be acting contrary to the national security or foreign policy interests of the United States."
2024-02-27,2024-03674,"Additions of Entities, Revisions of Entries, and Removal of an Entity From the Entity List",https://www.federalregister.gov/documents/2024/02/27/2024-03674/additions-of-entities-revisions-of-entries-and-removal-of-an-entity-from-the-entity-list,1,"The Bureau of Industry and Security is amending the Export Administration Regulations (EAR) by adding two entities under seven entries to the Entity List. These entities are listed under the destinations of Canada (1), the People's Republic of China (China) (1), India (1), Japan (1), Malaysia (1), Sweden (1), and the United Arab Emirates (UAE) (1). Some entities are added under multiple entries, accounting for the difference in the totals. This final rule also modifies two existing entries on the Entity List under the destination of China. This final rule removes one entity under the destination of the UAE."
2024-01-25,2024-01408,"Implementation of Additional Sanctions Against Russia and Belarus Under the Export Administration Regulations (EAR) and Refinements to Existing Controls",https://www.federalregister.gov/documents/2024/01/25/2024-01408/implementation-of-additional-sanctions-against-russia-and-belarus-under-the-export-administration,0,"In response to the Russian Federation's (Russia's) ongoing aggression against Ukraine and Belarus's complicity in the invasion, the Department of Commerce is strengthening its existing sanctions under the Export Administration Regulations (EAR) against Russia and Belarus, including by expanding the scope of the EAR's Russian and Belarusian Industry Sector Sanctions and making certain changes to the licensing requirements that apply to the occupied Crimea region of Ukraine as well. Additionally, this rule revises recent restrictions targeting Iran's supply of Unmanned Aerial Vehicles to Russia. This rule also refines certain existing export controls on Russia and Belarus. The Department of Commerce is taking these actions to enhance the effectiveness of its controls on these countries and to better align them with those implemented by U.S. allies and partners."
2024-01-23,2024-01253,"Removals From the Unverified List",https://www.federalregister.gov/documents/2024/01/23/2024-01253/removals-from-the-unverified-list,1,"The Bureau of Industry and Security (BIS) is amending the Export Administration Regulations (EAR) by removing three persons, including one under the destination of Canada, one under the destination of People's Republic of China (China), and one under the destination of the United Arab Emirates, from the Unverified List (UVL) because BIS was able to verify their bona fides."
