# source: IMF WEO via DataMapper API v1, indicator NGDPD (GDP current prices, billions USD); WEO vintage per indicator metadata: World Economic Outlook (April 2026)
# pulled: 2026-07-30
# script: analysis/02_pull_weo.py
# units: billions of current US dollars; years >= ~2025 are IMF projections; codes include aggregates (WEOWORLD etc.)
economy_code,year,ngdpd_bn_usd
ABW,2020,2.471
ABW,2021,2.881
ABW,2022,3.324
ABW,2023,3.871
ABW,2024,4.285
ABW,2025,4.521
ABW,2026,4.671
ABW,2027,4.853
ABW,2028,5.024
ADVEC,2020,51829.643
ADVEC,2021,57983.984
ADVEC,2022,59358.621
ADVEC,2023,62760.184
ADVEC,2024,65382.172
ADVEC,2025,69386.689
ADVEC,2026,73813.721
ADVEC,2027,76836.114
ADVEC,2028,79759.917
AFG,2020,20.136
AFG,2021,14.278
AFG,2022,14.501
AFG,2023,17.248
AFG,2024,17.817
AFG,2025,19.662
AFQ,2020,2672.655
AFQ,2021,2969.855
AFQ,2022,3196.507
AFQ,2023,3027.525
AFQ,2024,2889.483
AFQ,2025,3122.841
AFQ,2026,3555.435
AFQ,2027,3734.374
AFQ,2028,3964.288
AGO,2020,66.136
AGO,2021,83.022
AGO,2022,139.171
AGO,2023,113.135
AGO,2024,119.574
AGO,2025,141.728
AGO,2026,152.354
AGO,2027,154.464
AGO,2028,159.152
ALB,2020,15.271
ALB,2021,17.985
ALB,2022,19.189
ALB,2023,23.633
ALB,2024,27.084
ALB,2025,30.279
ALB,2026,33.333
ALB,2027,34.912
ALB,2028,36.998
AND,2020,2.885
AND,2021,3.325
AND,2022,3.376
AND,2023,3.786
AND,2024,4.042
AND,2025,4.491
AND,2026,4.879
AND,2027,5.065
AND,2028,5.245
APQ,2020,32324.265
APQ,2021,37114.675
APQ,2022,37109.896
APQ,2023,37789.301
APQ,2024,39102.201
APQ,2025,40970.251
APQ,2026,43319.458
APQ,2027,45648.103
APQ,2028,48469.347
ARE,2020,357.162
ARE,2021,422.441
ARE,2022,511.403
ARE,2023,522.622
ARE,2024,552.325
ARE,2025,571.643
ARE,2026,621.546
ARE,2027,648.673
ARE,2028,686.352
ARG,2020,385.218
ARG,2021,486.04
ARG,2022,633.52
ARG,2023,648.895
ARG,2024,637.234
ARG,2025,681.485
ARG,2026,688.378
ARG,2027,703.668
ARG,2028,746.843
ARM,2020,12.642
ARM,2021,13.879
ARM,2022,19.514
ARM,2023,24.186
ARM,2024,25.955
ARM,2025,29.243
ARM,2026,31.873
ARM,2027,33.553
ARM,2028,35.404
AS5,2020,2609.764
AS5,2021,2901.542
AS5,2022,3141.229
AS5,2023,3236.367
AS5,2024,3382.409
AS5,2025,3585.877
AS5,2026,3808.089
AS5,2027,4044.507
AS5,2028,4308.272
ATG,2020,1.412
ATG,2021,1.602
ATG,2022,1.857
ATG,2023,2.054
ATG,2024,2.162
ATG,2025,2.273
ATG,2026,2.385
ATG,2027,2.492
ATG,2028,2.604
AUS,2020,1366.669
AUS,2021,1660.123
AUS,2022,1731.233
AUS,2023,1748.175
AUS,2024,1799.418
AUS,2025,1839.961
AUS,2026,2123.963
AUS,2027,2211.254
AUS,2028,2292.786
AUT,2020,434.05
AUT,2021,480.786
AUT,2022,473.594
AUT,2023,516.82
AUT,2024,534.63
AUT,2025,579.928
AUT,2026,623.719
AUT,2027,644.693
AUT,2028,664.452
AZE,2020,42.693
AZE,2021,54.825
AZE,2022,78.807
AZE,2023,72.428
AZE,2024,74.426
AZE,2025,75.938
AZE,2026,78.372
AZE,2027,83.06
AZE,2028,88.175
AZQ,2020,1577.509
AZQ,2021,1909.844
AZQ,2022,1976.398
AZQ,2023,2001.825
AZQ,2024,2058.245
AZQ,2025,2098.793
AZQ,2026,2402.6
AZQ,2027,2501.706
AZQ,2028,2594.717
BDI,2020,3.089
BDI,2021,3.356
BDI,2022,3.922
BDI,2023,4.291
BDI,2024,4.838
BDI,2025,6.918
BDI,2026,8.137
BDI,2027,9.067
BDI,2028,9.298
BEL,2020,529.269
BEL,2021,598.92
BEL,2022,591.551
BEL,2023,651.518
BEL,2024,671.168
BEL,2025,724.917
BEL,2026,776.73
BEL,2027,797.019
BEL,2028,816.962
BEN,2020,15.674
BEN,2021,17.699
BEN,2022,17.439
BEN,2023,19.679
BEN,2024,21.487
BEN,2025,24.382
BEN,2026,27.786
BEN,2027,30.179
BEN,2028,32.731
BFA,2020,17.837
BFA,2021,19.708
BFA,2022,18.662
BFA,2023,20.116
BFA,2024,23.13
BFA,2025,27.14
BFA,2026,32.513
BFA,2027,36.047
BFA,2028,38.516
BGD,2020,373.902
BGD,2021,416.265
BGD,2022,460.201
BGD,2023,451.534
BGD,2024,450.461
BGD,2025,457.904
BGD,2026,510.705
BGD,2027,539.741
BGD,2028,574.318
BGR,2020,70.595
BGR,2021,84.437
BGR,2022,90.716
BGR,2023,102.237
BGR,2024,113.364
BGR,2025,131.024
BGR,2026,148.121
BGR,2027,158.387
BGR,2028,170.208
BHR,2020,35.838
BHR,2021,40.84
BHR,2022,46.458
BHR,2023,46.192
BHR,2024,47.21
BHR,2025,47.538
BHR,2026,48.849
BHR,2027,50.994
BHR,2028,53.033
BHS,2020,10.363
BHS,2021,12.037
BHS,2022,13.897
BHS,2023,15.271
BHS,2024,15.833
BHS,2025,16.508
BHS,2026,17.042
BHS,2027,17.605
BHS,2028,18.208
BIH,2020,20.264
BIH,2021,23.688
BIH,2022,24.581
BIH,2023,27.606
BIH,2024,29.738
BIH,2025,32.962
BIH,2026,36.771
BIH,2027,38.914
BIH,2028,40.862
BLR,2020,61.312
BLR,2021,68.207
BLR,2022,73.735
BLR,2023,71.792
BLR,2024,78.847
BLR,2025,92.766
BLR,2026,102.042
BLR,2027,107.418
BLR,2028,113.306
BLZ,2020,2.047
BLZ,2021,2.429
BLZ,2022,2.847
BLZ,2023,3.052
BLZ,2024,3.204
BLZ,2025,3.327
BLZ,2026,3.45
BLZ,2027,3.577
BLZ,2028,3.695
BOL,2020,42.622
BOL,2021,48.227
BOL,2022,51.331
BOL,2023,52.722
BOL,2024,55.281
BOL,2025,64.25
BOL,2026,80.743
BRA,2020,1476.092
BRA,2021,1670.65
BRA,2022,1951.849
BRA,2023,2191.137
BRA,2024,2185.822
BRA,2025,2279.918
BRA,2026,2635.912
BRA,2027,2766.558
BRA,2028,2879.42
BRB,2020,5.403
BRB,2021,5.949
BRB,2022,6.887
BRB,2023,7.223
BRB,2024,7.598
BRB,2025,8.017
BRB,2026,8.483
BRB,2027,8.955
BRB,2028,9.375
BRN,2020,12.008
BRN,2021,14.008
BRN,2022,16.684
BRN,2023,15.098
BRN,2024,15.334
BRN,2025,15.942
BRN,2026,16.863
BRN,2027,17.581
BRN,2028,18.318
BTN,2020,2.586
BTN,2021,2.621
BTN,2022,2.866
BTN,2023,2.92
BTN,2024,3.147
BTN,2025,3.474
BTN,2026,3.856
BTN,2027,4.247
BTN,2028,4.654
BWA,2020,14.93
BWA,2021,18.75
BWA,2022,20.321
BWA,2023,19.411
BWA,2024,19.356
BWA,2025,19.533
BWA,2026,21.937
BWA,2027,23.661
BWA,2028,25.4
CAF,2020,2.503
CAF,2021,2.711
CAF,2022,2.565
CAF,2023,2.722
CAF,2024,2.868
CAF,2025,3.192
CAF,2026,3.492
CAF,2027,3.698
CAF,2028,3.922
CAN,2020,1655.685
CAN,2021,2022.382
CAN,2022,2200.567
CAN,2023,2196.594
CAN,2024,2270.076
CAN,2025,2319.9
CAN,2026,2507.34
CAN,2027,2640.393
CAN,2028,2759.418
CAQ,2020,1124.909
CAQ,2021,1275.453
CAQ,2022,1462.034
CAQ,2023,1757.537
CAQ,2024,2024.748
CAQ,2025,2326.682
CAQ,2026,2462.23
CAQ,2027,2516.625
CAQ,2028,2695.708
CBQ,2020,85.345
CBQ,2021,102.523
CBQ,2022,120.306
CBQ,2023,124.266
CBQ,2024,141.785
CBQ,2025,153.827
CBQ,2026,172.36
CBQ,2027,188.346
CBQ,2028,201.411
CHE,2020,755.582
CHE,2021,840.084
CHE,2022,858.345
CHE,2023,928.689
CHE,2024,970.19
CHE,2025,1043.544
CHE,2026,1146.911
CHE,2027,1190.375
CHE,2028,1241.643
CHL,2020,254.06
CHL,2021,315.411
CHL,2022,301.27
CHL,2023,335.627
CHL,2024,330.21
CHL,2025,355.346
CHL,2026,407.85
CHL,2027,434.037
CHL,2028,455.022
CHN,2020,15110.191
CHN,2021,18183.505
CHN,2022,18337.777
CHN,2023,18366.936
CHN,2024,18945.112
CHN,2025,19626.247
CHN,2026,20851.593
CHN,2027,21928.979
CHN,2028,23259.956
CIV,2020,63.119
CIV,2021,72.833
CIV,2022,71.075
CIV,2023,80.792
CIV,2024,87.132
CIV,2025,98.885
CIV,2026,112.115
CIV,2027,121.282
CIV,2028,131.516
CMQ,2020,337.197
CMQ,2021,385.886
CMQ,2022,435.856
CMQ,2023,482.507
CMQ,2024,513.218
CMQ,2025,541.572
CMQ,2026,575.558
CMQ,2027,613.515
CMQ,2028,654.328
CMR,2020,40.832
CMR,2021,45.036
CMR,2022,44.442
CMR,2023,48.822
CMR,2024,53.308
CMR,2025,59.282
CMR,2026,65.135
CMR,2027,68.6
CMR,2028,73.876
COD,2020,46.682
COD,2021,59.068
COD,2022,70.422
COD,2023,69.844
COD,2024,76.731
COD,2025,92.833
COD,2026,123.406
COD,2027,132.555
COD,2028,142.352
COG,2020,11.485
COG,2021,13.387
COG,2022,13.967
COG,2023,14.169
COG,2024,14.774
COG,2025,15.592
COG,2026,17.028
COG,2027,17.958
COG,2028,19.119
COL,2020,270.348
COL,2021,318.525
COL,2022,345.632
COL,2023,366.901
COL,2024,420.504
COL,2025,457.41
COL,2026,539.53
COL,2027,554.384
COL,2028,578.238
COM,2020,1.218
COM,2021,1.273
COM,2022,1.224
COM,2023,1.329
COM,2024,1.442
COM,2025,1.609
COM,2026,1.814
COM,2027,1.93
COM,2028,2.048
CPV,2020,1.829
CPV,2021,2.053
CPV,2022,2.252
CPV,2023,2.501
CPV,2024,2.726
CPV,2025,3.081
CPV,2026,3.448
CPV,2027,3.699
CPV,2028,3.963
CRI,2020,62.792
CRI,2021,65.582
CRI,2022,70.993
CRI,2023,87.524
CRI,2024,96.73
CRI,2025,102.902
CRI,2026,109.931
CRI,2027,116.204
CRI,2028,122.751
CYP,2020,25.535
CYP,2021,30.392
CYP,2022,31.243
CYP,2023,35.085
CYP,2024,37.623
CYP,2025,41.019
CYP,2026,45.171
CYP,2027,47.359
CYP,2028,49.816
CZE,2020,251.11
CZE,2021,290.973
CZE,2022,301.831
CZE,2023,345.059
CZE,2024,347.083
CZE,2025,389.02
CZE,2026,432.597
CZE,2027,451.1
CZE,2028,469.574
DA,2020,21015.807
DA,2021,24826.719
DA,2022,25411.88
DA,2023,25815.593
DA,2024,26800.139
DA,2025,27879.612
DA,2026,29611.563
DA,2027,31398.175
DA,2028,33543.814
DEU,2020,3938.244
DEU,2021,4358.147
DEU,2022,4204.327
DEU,2023,4563.523
DEU,2024,4684.182
DEU,2025,5048.059
DEU,2026,5452.858
DEU,2027,5642.156
DEU,2028,5818.884
DJI,2020,3.144
DJI,2021,3.393
DJI,2022,3.563
DJI,2023,3.898
DJI,2024,4.152
DJI,2025,4.378
DJI,2026,4.725
DJI,2027,5.064
DJI,2028,5.393
DMA,2020,0.504
DMA,2021,0.555
DMA,2022,0.607
DMA,2023,0.659
DMA,2024,0.689
DMA,2025,0.744
DMA,2026,0.791
DMA,2027,0.832
DMA,2028,0.873
DNK,2020,355.631
DNK,2021,406.11
DNK,2022,400.115
DNK,2023,404.652
DNK,2024,424.525
DNK,2025,461.718
DNK,2026,503.772
DNK,2027,525.228
DNK,2028,546.484
DOM,2020,78.625
DOM,2021,95.067
DOM,2022,113.813
DOM,2023,120.794
DOM,2024,124.613
DOM,2025,127.895
DOM,2026,136.148
DOM,2027,144.243
DOM,2028,154.411
DZA,2020,164.774
DZA,2021,185.85
DZA,2022,225.709
DZA,2023,248.087
DZA,2024,269.14
DZA,2025,285.724
DZA,2026,317.173
DZA,2027,319.16
DZA,2028,319.479
EAQ,2020,23078.958
EAQ,2021,26512.958
EAQ,2022,25726.56
EAQ,2023,25755.055
EAQ,2024,26244.168
EAQ,2025,27306.514
EAQ,2026,28617.16
EAQ,2027,30038.119
EAQ,2028,31716.008
ECU,2020,95.865
ECU,2021,107.179
ECU,2022,116.133
ECU,2023,120.793
ECU,2024,123.802
ECU,2025,130.321
ECU,2026,138.194
ECU,2027,144.135
ECU,2028,150.136
EDE,2020,3579.535
EDE,2021,4232.835
EDE,2022,4780.995
EDE,2023,4998.365
EDE,2024,5538.473
EDE,2025,6425.707
EDE,2026,6760.161
EDE,2027,6758.202
EDE,2028,7037.017
EEQ,2020,3504.57
EEQ,2021,4164.916
EEQ,2022,4633.479
EEQ,2023,4735.101
EEQ,2024,5108.854
EEQ,2025,5866.623
EEQ,2026,6270.034
EEQ,2027,6334.079
EEQ,2028,6561.097
EGY,2020,382.525
EGY,2021,423.3
EGY,2022,475.231
EGY,2023,393.828
EGY,2024,383.105
EGY,2025,364.64
EGY,2026,429.645
EGY,2027,457.075
EGY,2028,508.47
ESP,2020,1288.751
ESP,2021,1462.216
ESP,2022,1449.99
ESP,2023,1619.949
ESP,2024,1725.152
ESP,2025,1903.826
ESP,2026,2091.222
ESP,2027,2186.521
ESP,2028,2284.752
EST,2020,31.795
EST,2021,37.226
EST,2022,38.257
EST,2023,41.482
EST,2024,43.117
EST,2025,47.004
EST,2026,51.634
EST,2027,54.2
EST,2028,57.062
ETH,2020,96.611
ETH,2021,99.261
ETH,2022,118.958
ETH,2023,159.761
ETH,2024,142.073
ETH,2025,109.109
ETH,2026,121.527
ETH,2027,140.912
ETH,2028,160.907
EU,2020,15493.881
EU,2021,17505.513
EU,2022,17036.312
EU,2023,18669.275
EU,2024,19499.035
EU,2025,21231.574
EU,2026,23034.637
EU,2027,23839.332
EU,2028,24703.737
EUQ,2020,21216.634
EUQ,2021,24339.778
EUQ,2022,24424.102
EUQ,2023,26028.485
EUQ,2024,27359.117
EUQ,2025,29968.748
EUQ,2026,32325.968
EUQ,2027,33296.198
EUQ,2028,34477.409
EURO,2020,13327.499
EURO,2021,15018.994
EURO,2022,14589.889
EURO,2023,15962.495
EURO,2024,16597.893
EURO,2025,17997.892
EURO,2026,19447.788
EURO,2027,20084.132
EURO,2028,20755.721
FIN,2020,269.784
FIN,2021,294.419
FIN,2022,280.474
FIN,2023,295.277
FIN,2024,298.639
FIN,2025,316.86
FIN,2026,337.669
FIN,2027,350.306
FIN,2028,361.677
FJI,2020,4.228
FJI,2021,4.159
FJI,2022,4.978
FJI,2023,5.477
FJI,2024,5.968
FJI,2025,6.041
FJI,2026,6.352
FJI,2027,6.663
FJI,2028,7.013
FRA,2020,2645.806
FRA,2021,2968.405
FRA,2022,2796.987
FRA,2023,3061.095
FRA,2024,3161.042
FRA,2025,3368.925
FRA,2026,3596.094
FRA,2027,3672.073
FRA,2028,3775.707
FSM,2020,0.373
FSM,2021,0.392
FSM,2022,0.415
FSM,2023,0.443
FSM,2024,0.481
FSM,2025,0.502
FSM,2026,0.521
FSM,2027,0.548
FSM,2028,0.565
GAB,2020,15.364
GAB,2021,19.455
GAB,2022,20.485
GAB,2023,20.059
GAB,2024,20.9
GAB,2025,21.624
GAB,2026,23.363
GAB,2027,24.185
GAB,2028,25.231
GBR,2020,2725.948
GBR,2021,3195.327
GBR,2022,3192.851
GBR,2023,3422.072
GBR,2024,3695.355
GBR,2025,4003.022
GBR,2026,4264.794
GBR,2027,4466.076
GBR,2028,4675.048
GEO,2020,16.013
GEO,2021,18.849
GEO,2022,24.985
GEO,2023,30.778
GEO,2024,34.191
GEO,2025,38.216
GEO,2026,42.716
GEO,2027,46.7
GEO,2028,51.138
GHA,2020,70.008
GHA,2021,79.514
GHA,2022,73.919
GHA,2023,80.547
GHA,2024,83.289
GHA,2025,114.708
GHA,2026,118.293
GHA,2027,120.962
GHA,2028,125.294
GIN,2020,14.089
GIN,2021,16.32
GIN,2022,19.589
GIN,2023,22.089
GIN,2024,24.233
GIN,2025,27.215
GIN,2026,29.93
GIN,2027,32.898
GIN,2028,36.242
GMB,2020,1.809
GMB,2021,2.045
GMB,2022,2.135
GMB,2023,2.331
GMB,2024,2.403
GMB,2025,2.584
GMB,2026,2.792
GMB,2027,3.021
GMB,2028,3.273
GNB,2020,1.523
GNB,2021,1.722
GNB,2022,1.721
GNB,2023,2.005
GNB,2024,2.186
GNB,2025,2.648
GNB,2026,2.985
GNB,2027,3.214
GNB,2028,3.444
GNQ,2020,9.908
GNQ,2021,12.222
GNQ,2022,13.717
GNQ,2023,12.339
GNQ,2024,12.769
GNQ,2025,12.484
GNQ,2026,13.722
GNQ,2027,13.504
GNQ,2028,13.625
GRC,2020,191.21
GRC,2021,218.449
GRC,2022,218.162
GRC,2023,243.016
GRC,2024,256.161
GRC,2025,280.476
GRC,2026,307.554
GRC,2027,320.226
GRC,2028,332.284
GRD,2020,1.043
GRD,2021,1.122
GRD,2022,1.224
GRD,2023,1.336
GRD,2024,1.351
GRD,2025,1.42
GRD,2026,1.483
GRD,2027,1.554
GRD,2028,1.632
GTM,2020,77.718
GTM,2021,86.443
GTM,2022,95.642
GTM,2023,104.354
GTM,2024,113.19
GTM,2025,121.113
GTM,2026,128.886
GTM,2027,139.461
GTM,2028,150.089
GUY,2020,5.471
GUY,2021,8.041
GUY,2022,14.718
GUY,2023,16.919
GUY,2024,24.659
GUY,2025,27.097
GUY,2026,33.961
GUY,2027,39.151
GUY,2028,43.669
HKG,2020,344.941
HKG,2021,368.954
HKG,2022,358.674
HKG,2023,380.762
HKG,2024,408.369
HKG,2025,427.31
HKG,2026,450.138
HKG,2027,469.525
HKG,2028,490.629
HND,2020,23.35
HND,2021,28.146
HND,2022,31.425
HND,2023,34.356
HND,2024,37.1
HND,2025,39.694
HND,2026,41.505
HND,2027,43.884
HND,2028,46.445
HRV,2020,57.914
HRV,2021,69.052
HRV,2022,71.257
HRV,2023,85.647
HRV,2024,92.955
HRV,2025,106.055
HRV,2026,116.574
HRV,2027,122.612
HRV,2028,128.198
HTI,2020,14.508
HTI,2021,21.017
HTI,2022,19.826
HTI,2023,19.603
HTI,2024,25.285
HTI,2025,32.102
HTI,2026,39.18
HTI,2027,45.098
HTI,2028,47.515
HUN,2020,158.468
HUN,2021,183.283
HUN,2022,177.784
HUN,2023,213.315
HUN,2024,222.878
HUN,2025,246.891
HUN,2026,271.122
HUN,2027,284.462
HUN,2028,298.261
IDN,2020,1059.055
IDN,2021,1186.51
IDN,2022,1319.101
IDN,2023,1371.167
IDN,2024,1396.302
IDN,2025,1445.642
IDN,2026,1539.872
IDN,2027,1659.491
IDN,2028,1790.06
IND,2020,2611.953
IND,2021,3084.517
IND,2022,3249.939
IND,2023,3500.906
IND,2024,3760.814
IND,2025,3916.312
IND,2026,4153.191
IND,2027,4579.083
IND,2028,5058.754
IRL,2020,435.659
IRL,2021,530.747
IRL,2022,548.773
IRL,2023,567.537
IRL,2024,608.974
IRL,2025,718.14
IRL,2026,779.381
IRL,2027,808.55
IRL,2028,838.255
IRN,2020,209.51
IRN,2021,307.337
IRN,2022,403.254
IRN,2023,421.547
IRN,2024,416.676
IRN,2025,371.196
IRN,2026,300.293
IRN,2027,313.33
IRN,2028,323.13
IRQ,2020,182.576
IRQ,2021,210.753
IRQ,2022,288.059
IRQ,2023,270.799
IRQ,2024,286.523
IRQ,2025,264.167
IRQ,2026,264.784
IRQ,2027,292.777
IRQ,2028,305.531
ISL,2020,22.035
ISL,2021,26.235
ISL,2022,29.176
ISL,2023,31.702
ISL,2024,33.187
ISL,2025,38.583
ISL,2026,43.8
ISL,2027,45.968
ISL,2028,48.085
ISR,2020,410.909
ISR,2021,489.736
ISR,2022,525.159
ISR,2023,513.394
ISR,2024,542.285
ISR,2025,610.778
ISR,2026,719.848
ISR,2027,761.058
ISR,2028,799.158
ITA,2020,1905.956
ITA,2021,2180.657
ITA,2022,2105.723
ITA,2023,2317.55
ITA,2024,2382.718
ITA,2025,2550.111
ITA,2026,2738.164
ITA,2027,2805.918
ITA,2028,2887.378
JAM,2020,15.079
JAM,2021,15.982
JAM,2022,18.71
JAM,2023,21.299
JAM,2024,21.9
JAM,2025,22.313
JAM,2026,23.028
JAM,2027,23.932
JAM,2028,24.838
JOR,2020,48.0
JOR,2021,50.775
JOR,2022,53.593
JOR,2023,56.203
JOR,2024,58.701
JOR,2025,61.692
JOR,2026,64.909
JOR,2027,68.46
JOR,2028,72.136
JPN,2020,5189.197
JPN,2021,5225.934
JPN,2022,4447.976
JPN,2023,4384.854
JPN,2024,4190.008
JPN,2025,4435.163
JPN,2026,4379.253
JPN,2027,4561.624
JPN,2028,4744.089
KAZ,2020,171.082
KAZ,2021,197.112
KAZ,2022,225.496
KAZ,2023,261.84
KAZ,2024,291.48
KAZ,2025,302.746
KAZ,2026,360.456
KAZ,2027,385.966
KAZ,2028,410.771
KEN,2020,100.922
KEN,2021,109.875
KEN,2022,114.733
KEN,2023,108.206
KEN,2024,119.307
KEN,2025,136.455
KEN,2026,147.265
KEN,2027,154.744
KEN,2028,161.992
KGZ,2020,8.283
KGZ,2021,9.256
KGZ,2022,12.269
KGZ,2023,15.187
KGZ,2024,18.175
KGZ,2025,21.567
KGZ,2026,23.606
KGZ,2027,25.412
KGZ,2028,27.228
KHM,2020,34.497
KHM,2021,36.17
KHM,2022,39.461
KHM,2023,42.404
KHM,2024,46.098
KHM,2025,49.288
KHM,2026,52.379
KHM,2027,56.115
KHM,2028,60.391
KIR,2020,0.222
KIR,2021,0.286
KIR,2022,0.272
KIR,2023,0.292
KIR,2024,0.343
KIR,2025,0.349
KIR,2026,0.401
KIR,2027,0.417
KIR,2028,0.431
KNA,2020,0.867
KNA,2021,0.843
KNA,2022,0.963
KNA,2023,1.034
KNA,2024,1.051
KNA,2025,1.082
KNA,2026,1.143
KNA,2027,1.197
KNA,2028,1.254
KOR,2020,1744.455
KOR,2021,1942.314
KOR,2022,1799.363
KOR,2023,1844.801
KOR,2024,1875.388
KOR,2025,1872.375
KOR,2026,1931.008
KOR,2027,2010.456
KOR,2028,2094.331
KWT,2020,111.048
KWT,2021,148.346
KWT,2022,183.539
KWT,2023,165.474
KWT,2024,160.902
KWT,2025,157.835
KWT,2026,172.92
KWT,2027,174.746
KWT,2028,180.084
LAO,2020,18.511
LAO,2021,18.533
LAO,2022,15.121
LAO,2023,14.993
LAO,2024,15.792
LAO,2025,17.822
LAO,2026,18.959
LAO,2027,20.087
LAO,2028,21.238
LBN,2020,23.626
LBN,2021,20.522
LBN,2022,25.674
LBN,2023,24.491
LBN,2024,29.339
LBN,2025,34.497
LBR,2020,3.037
LBR,2021,3.509
LBR,2022,3.974
LBR,2023,4.39
LBR,2024,4.778
LBR,2025,5.216
LBR,2026,5.642
LBR,2027,6.053
LBR,2028,6.469
LBY,2020,46.893
LBY,2021,35.216
LBY,2022,43.281
LBY,2023,43.958
LBY,2024,49.349
LBY,2025,44.732
LBY,2026,52.453
LBY,2027,50.082
LBY,2028,49.772
LCA,2020,1.511
LCA,2021,1.869
LCA,2022,2.334
LCA,2023,2.397
LCA,2024,2.574
LCA,2025,2.651
LCA,2026,2.765
LCA,2027,2.891
LCA,2028,3.021
LIE,2020,6.405
LIE,2021,7.913
LIE,2022,7.427
LIE,2023,8.239
LIE,2024,8.465
LIE,2025,8.991
LIE,2026,9.442
LIE,2027,9.691
LIE,2028,10.041
LKA,2020,84.304
LKA,2021,88.609
LKA,2022,74.584
LKA,2023,83.723
LKA,2024,98.964
LSO,2020,2.092
LSO,2021,2.443
LSO,2022,2.275
LSO,2023,2.227
LSO,2024,2.514
LSO,2025,2.854
LSO,2026,2.972
LSO,2027,3.096
LSO,2028,3.24
LTU,2020,57.352
LTU,2021,67.103
LTU,2022,70.687
LTU,2023,80.392
LTU,2024,85.482
LTU,2025,94.927
LTU,2026,105.907
LTU,2027,110.453
LTU,2028,116.583
LUX,2020,73.612
LUX,2021,86.444
LUX,2022,80.865
LUX,2023,88.814
LUX,2024,93.252
LUX,2025,101.1
LUX,2026,110.417
LUX,2027,114.475
LUX,2028,119.152
LVA,2020,33.353
LVA,2021,38.209
LVA,2022,38.033
LVA,2023,42.792
LVA,2024,43.988
LVA,2025,48.591
LVA,2026,53.686
LVA,2027,56.741
LVA,2028,59.801
MAC,2020,25.28
MAC,2021,30.634
MAC,2022,24.93
MAC,2023,45.627
MAC,2024,49.467
MAC,2025,52.061
MAC,2026,54.228
MAC,2027,56.81
MAC,2028,59.648
MAE,2020,39436.111
MAE,2021,43676.503
MAE,2022,45003.031
MAE,2023,47757.187
MAE,2024,49681.406
MAE,2025,52492.254
MAE,2026,55322.424
MAE,2027,57578.274
MAE,2028,59726.424
MAR,2020,121.354
MAR,2021,142.022
MAR,2022,131.245
MAR,2023,146.057
MAR,2024,160.606
MAR,2025,182.587
MAR,2026,194.333
MAR,2027,212.837
MAR,2028,227.879
MDA,2020,11.53
MDA,2021,13.694
MDA,2022,14.524
MDA,2023,16.711
MDA,2024,18.208
MDA,2025,20.342
MDA,2026,21.889
MDA,2027,23.723
MDA,2028,25.722
MDG,2020,13.051
MDG,2021,14.355
MDG,2022,15.342
MDG,2023,16.037
MDG,2024,17.593
MDG,2025,19.556
MDG,2026,21.185
MDG,2027,22.926
MDG,2028,25.256
MDV,2020,3.706
MDV,2021,5.24
MDV,2022,6.168
MDV,2023,6.611
MDV,2024,7.052
MDV,2025,7.665
MDV,2026,8.13
MDV,2027,8.673
MDV,2028,9.214
MECA,2020,3490.163
MECA,2021,4165.641
MECA,2022,5015.895
MECA,2023,4961.199
MECA,2024,5164.936
MECA,2025,5279.905
MECA,2026,5664.347
MECA,2027,5940.952
MECA,2028,6271.724
MEQ,2020,2392.607
MEQ,2021,2968.78
MEQ,2022,3652.066
MEQ,2023,3590.789
MEQ,2024,3698.477
MEQ,2025,3748.901
MEQ,2026,3982.021
MEQ,2027,4170.102
MEQ,2028,4368.586
MEX,2020,1121.065
MEX,2021,1316.569
MEX,2022,1466.935
MEX,2023,1794.41
MEX,2024,1830.489
MEX,2025,1832.641
MEX,2026,2120.855
MEX,2027,2222.003
MEX,2028,2327.102
MHL,2020,0.242
MHL,2021,0.261
MHL,2022,0.259
MHL,2023,0.264
MHL,2024,0.285
MHL,2025,0.308
MHL,2026,0.342
MHL,2027,0.368
MHL,2028,0.384
MKD,2020,12.385
MKD,2021,14.008
MKD,2022,13.957
MKD,2023,15.864
MKD,2024,16.954
MKD,2025,19.142
MKD,2026,21.605
MKD,2027,23.12
MKD,2028,24.585
MLI,2020,20.777
MLI,2021,23.061
MLI,2022,22.657
MLI,2023,24.817
MLI,2024,26.777
MLI,2025,30.05
MLI,2026,33.847
MLI,2027,36.408
MLI,2028,39.073
MLT,2020,16.392
MLT,2021,19.743
MLT,2022,18.954
MLT,2023,22.632
MLT,2024,25.035
MLT,2025,27.756
MLT,2026,30.712
MLT,2027,32.449
MLT,2028,34.333
MMR,2020,77.026
MMR,2021,55.26
MMR,2022,67.437
MMR,2023,66.821
MMR,2024,76.759
MMR,2025,82.4
MMR,2026,83.832
MMR,2027,86.885
MMR,2028,94.087
MNE,2020,4.73
MNE,2021,5.827
MNE,2022,6.265
MNE,2023,7.646
MNE,2024,8.272
MNE,2025,9.228
MNE,2026,10.227
MNE,2027,10.808
MNE,2028,11.382
MNG,2020,13.313
MNG,2021,15.286
MNG,2022,17.146
MNG,2023,20.315
MNG,2024,23.795
MNG,2025,25.37
MNG,2026,28.45
MNG,2027,30.604
MNG,2028,32.827
MOZ,2020,14.235
MOZ,2021,16.168
MOZ,2022,18.884
MOZ,2023,20.921
MOZ,2024,22.745
MOZ,2025,22.338
MOZ,2026,23.275
MOZ,2027,24.65
MOZ,2028,25.695
MRT,2020,8.464
MRT,2021,9.126
MRT,2022,9.564
MRT,2023,10.724
MRT,2024,11.003
MRT,2025,12.289
MRT,2026,14.352
MRT,2027,15.095
MRT,2028,15.966
MUS,2020,11.408
MUS,2021,11.484
MUS,2022,12.908
MUS,2023,14.101
MUS,2024,14.986
MUS,2025,16.126
MUS,2026,17.119
MUS,2027,18.241
MUS,2028,19.418
MWI,2020,11.847
MWI,2021,12.475
MWI,2022,12.531
MWI,2023,13.439
MWI,2024,11.79
MWI,2025,15.047
MWI,2026,18.152
MWI,2027,20.983
MWI,2028,24.194
MYS,2020,337.456
MYS,2021,373.785
MYS,2022,407.83
MYS,2023,399.949
MYS,2024,422.227
MYS,2025,472.193
MYS,2026,516.428
MYS,2027,552.855
MYS,2028,591.087
NAM,2020,10.583
NAM,2021,12.399
NAM,2022,12.564
NAM,2023,12.402
NAM,2024,13.37
NAM,2025,14.826
NAM,2026,17.314
NAM,2027,18.351
NAM,2028,19.244
NAQ,2020,758.04
NAQ,2021,833.202
NAQ,2022,920.063
NAQ,2023,880.469
NAQ,2024,913.531
NAQ,2025,935.273
NAQ,2026,1054.35
NAQ,2027,1098.216
NAQ,2028,1165.211
NER,2020,13.764
NER,2021,14.923
NER,2022,15.458
NER,2023,16.809
NER,2024,19.866
NER,2025,21.836
NER,2026,24.813
NER,2027,26.928
NER,2028,29.039
NGA,2020,598.725
NGA,2021,609.479
NGA,2022,645.682
NGA,2023,487.347
NGA,2024,252.109
NGA,2025,290.491
NGA,2026,377.365
NGA,2027,387.645
NGA,2028,405.582
NIC,2020,12.73
NIC,2021,14.208
NIC,2022,15.634
NIC,2023,17.813
NIC,2024,19.697
NIC,2025,22.237
NIC,2026,24.227
NIC,2027,26.258
NIC,2028,28.001
NLD,2020,931.814
NLD,2021,1055.173
NLD,2022,1047.364
NLD,2023,1135.803
NLD,2024,1214.562
NLD,2025,1332.24
NLD,2026,1449.704
NLD,2027,1500.424
NLD,2028,1551.351
NMQ,2020,24255.156
NMQ,2021,27171.028
NMQ,2022,29835.946
NMQ,2023,31920.879
NMQ,2024,33524.432
NMQ,2025,35046.141
NMQ,2026,37141.128
NMQ,2027,38785.841
NMQ,2028,40289.83
NOR,2020,382.253
NOR,2021,521.592
NOR,2022,617.322
NOR,2023,502.198
NOR,2024,500.886
NOR,2025,530.756
NOR,2026,599.406
NOR,2027,604.144
NOR,2028,605.423
NPL,2020,33.434
NPL,2021,36.927
NPL,2022,41.183
NPL,2023,41.048
NPL,2024,42.914
NPL,2025,44.81
NPL,2026,45.844
NPL,2027,48.09
NPL,2028,52.928
NRU,2020,0.125
NRU,2021,0.149
NRU,2022,0.181
NRU,2023,0.161
NRU,2024,0.168
NRU,2025,0.176
NRU,2026,0.196
NRU,2027,0.214
NRU,2028,0.223
NZL,2020,210.84
NZL,2021,249.72
NZL,2022,245.165
NZL,2023,253.65
NZL,2024,258.827
NZL,2025,258.832
NZL,2026,278.636
NZL,2027,290.452
NZL,2028,301.931
OAE,2020,7556.022
OAE,2021,8795.765
OAE,2022,8872.74
OAE,2023,8978.696
OAE,2024,9329.259
OAE,2025,9860.112
OAE,2026,10826.829
OAE,2027,11289.894
OAE,2028,11755.649
OEMDC,2020,34361.994
OEMDC,2021,40451.207
OEMDC,2022,43311.737
OEMDC,2023,44485.388
OEMDC,2024,46216.382
OEMDC,2025,48788.796
OEMDC,2026,52481.61
OEMDC,2027,55054.551
OEMDC,2028,58368.973
OMN,2020,75.909
OMN,2021,87.324
OMN,2022,109.853
OMN,2023,106.175
OMN,2024,107.137
OMN,2025,106.127
OMN,2026,117.176
OMN,2027,118.478
OMN,2028,122.721
PAK,2020,300.41
PAK,2021,348.481
PAK,2022,374.85
PAK,2023,336.555
PAK,2024,372.243
PAK,2025,407.786
PAN,2020,57.06
PAN,2021,67.396
PAN,2022,76.479
PAN,2023,83.812
PAN,2024,86.524
PAN,2025,90.463
PAN,2026,95.024
PAN,2027,101.325
PAN,2028,108.043
PER,2020,209.057
PER,2021,228.704
PER,2022,248.179
PER,2023,272.755
PER,2024,295.22
PER,2025,341.025
PER,2026,380.9
PER,2027,386.375
PER,2028,402.72
PHL,2020,361.751
PHL,2021,394.087
PHL,2022,404.353
PHL,2023,437.055
PHL,2024,461.617
PHL,2025,487.161
PHL,2026,512.222
PHL,2027,556.747
PHL,2028,605.64
PIQ,2020,32.343
PIQ,2021,34.557
PIQ,2022,40.942
PIQ,2023,40.843
PIQ,2024,41.738
PIQ,2025,43.869
PIQ,2026,46.48
PIQ,2027,47.69
PIQ,2028,50.02
PLW,2020,0.259
PLW,2021,0.236
PLW,2022,0.247
PLW,2023,0.276
PLW,2024,0.322
PLW,2025,0.345
PLW,2026,0.377
PLW,2027,0.398
PLW,2028,0.419
PNG,2020,23.848
PNG,2021,26.113
PNG,2022,31.653
PNG,2023,30.729
PNG,2024,30.756
PNG,2025,32.491
PNG,2026,34.403
PNG,2027,34.978
PNG,2028,36.655
POL,2020,605.93
POL,2021,689.253
POL,2022,695.734
POL,2023,812.959
POL,2024,917.623
POL,2025,1035.586
POL,2026,1134.248
POL,2027,1184.607
POL,2028,1248.332
PRI,2020,103.131
PRI,2021,106.427
PRI,2022,113.844
PRI,2023,118.375
PRI,2024,125.842
PRI,2025,126.525
PRI,2026,129.012
PRI,2027,133.41
PRI,2028,137.41
PRT,2020,229.435
PRT,2021,256.226
PRT,2022,257.101
PRT,2023,292.408
PRT,2024,313.562
PRT,2025,346.412
PRT,2026,380.637
PRT,2027,396.349
PRT,2028,412.482
PRY,2020,35.432
PRY,2021,39.937
PRY,2022,41.841
PRY,2023,43.14
PRY,2024,44.739
PRY,2025,49.358
PRY,2026,60.542
PRY,2027,64.029
PRY,2028,67.644
QAT,2020,144.411
QAT,2021,179.732
QAT,2022,235.709
QAT,2023,217.309
QAT,2024,219.163
QAT,2025,221.229
QAT,2026,217.416
QAT,2027,237.026
QAT,2028,250.997
ROU,2020,250.961
ROU,2021,285.275
ROU,2022,295.891
ROU,2023,347.829
ROU,2024,382.65
ROU,2025,427.941
ROU,2026,480.834
ROU,2027,511.274
ROU,2028,546.987
RUS,2020,1488.118
RUS,2021,1828.927
RUS,2022,2296.41
RUS,2023,2034.681
RUS,2024,2185.848
RUS,2025,2587.938
RUS,2026,2656.452
RUS,2027,2533.434
RUS,2028,2551.584
RWA,2020,10.488
RWA,2021,11.25
RWA,2022,13.744
RWA,2023,14.805
RWA,2024,15.111
RWA,2025,15.973
RWA,2026,17.336
RWA,2027,18.428
RWA,2028,19.531
SAQ,2020,3410.295
SAQ,2021,3982.661
SAQ,2022,4209.791
SAQ,2023,4423.298
SAQ,2024,4735.596
SAQ,2025,4946.955
SAQ,2026,5281.43
SAQ,2027,5759.067
SAQ,2028,6313.298
SAU,2020,767.303
SAU,2021,982.661
SAU,2022,1239.075
SAU,2023,1218.585
SAU,2024,1254.141
SAU,2025,1276.943
SAU,2026,1388.676
SAU,2027,1432.348
SAU,2028,1498.027
SDN,2020,35.215
SDN,2021,35.131
SDN,2022,33.462
SDN,2023,36.947
SDN,2024,29.156
SDN,2025,39.718
SDN,2026,44.688
SDN,2027,47.622
SDN,2028,53.433
SEN,2020,24.566
SEN,2021,27.535
SEN,2022,27.843
SEN,2023,30.701
SEN,2024,32.829
SEN,2025,37.116
SEN,2026,40.469
SEN,2027,42.165
SEN,2028,44.186
SEQ,2020,3100.251
SEQ,2021,3399.203
SEQ,2022,3694.171
SEQ,2023,3810.743
SEQ,2024,3997.706
SEQ,2025,4247.438
SEQ,2026,4509.557
SEQ,2027,4784.896
SEQ,2028,5099.596
SGP,2020,351.227
SGP,2021,441.111
SGP,2022,514.253
SGP,2023,511.182
SGP,2024,572.877
SGP,2025,603.87
SGP,2026,659.572
SGP,2027,691.369
SGP,2028,722.229
SLB,2020,1.536
SLB,2021,1.558
SLB,2022,1.467
SLB,2023,1.506
SLB,2024,1.584
SLB,2025,1.704
SLB,2026,1.836
SLB,2027,1.949
SLB,2028,2.076
SLE,2020,6.682
SLE,2021,7.166
SLE,2022,7.121
SLE,2023,6.401
SLE,2024,6.97
SLE,2025,7.71
SLE,2026,8.27
SLE,2027,8.651
SLE,2028,9.04
SLV,2020,24.921
SLV,2021,29.043
SLV,2022,31.87
SLV,2023,33.854
SLV,2024,35.365
SLV,2025,37.268
SLV,2026,39.838
SLV,2027,42.139
SLV,2028,44.588
SMQ,2020,2865.09
SMQ,2021,3332.03
SMQ,2022,3850.016
SMQ,2023,4213.561
SMQ,2024,4295.702
SMQ,2025,4544.349
SMQ,2026,5139.445
SMQ,2027,5364.979
SMQ,2028,5609.292
SMR,2020,1.543
SMR,2021,1.857
SMR,2022,1.833
SMR,2023,2.028
SMR,2024,2.086
SMR,2025,2.251
SMR,2026,2.417
SMR,2027,2.487
SMR,2028,2.572
SOM,2020,8.628
SOM,2021,9.484
SOM,2022,10.203
SOM,2023,10.969
SOM,2024,12.161
SOM,2025,12.956
SOM,2026,14.174
SOM,2027,15.539
SOM,2028,16.875
SRB,2020,55.874
SRB,2021,65.83
SRB,2022,66.81
SRB,2023,81.344
SRB,2024,90.088
SRB,2025,99.953
SRB,2026,112.025
SRB,2027,122.018
SRB,2028,130.083
SSA,2020,1867.793
SSA,2021,2089.003
SSA,2022,2229.855
SSA,2023,2095.487
SSA,2024,1931.641
SSA,2025,2131.184
SSA,2026,2437.32
SSA,2027,2568.378
SSA,2028,2724.285
SSD,2020,5.423
SSD,2021,5.94
SSD,2022,7.533
SSD,2023,7.401
SSD,2024,4.637
SSD,2025,5.733
SSD,2026,6.069
SSD,2027,6.826
SSD,2028,7.161
SSQ,2020,1914.615
SSQ,2021,2136.652
SSQ,2022,2276.444
SSQ,2023,2147.056
SSQ,2024,1975.952
SSQ,2025,2187.568
SSQ,2026,2501.085
SSQ,2027,2636.159
SSQ,2028,2799.077
STP,2020,0.476
STP,2021,0.529
STP,2022,0.546
STP,2023,0.696
STP,2024,0.828
STP,2025,0.981
STP,2026,1.161
STP,2027,1.294
STP,2028,1.412
SUR,2020,2.912
SUR,2021,3.084
SUR,2022,3.802
SUR,2023,3.462
SUR,2024,4.434
SUR,2025,4.664
SUR,2026,5.908
SUR,2027,6.766
SUR,2028,8.97
SVK,2020,107.646
SVK,2021,120.591
SVK,2022,115.884
SVK,2023,133.617
SVK,2024,140.892
SVK,2025,154.442
SVK,2026,168.897
SVK,2027,177.004
SVK,2028,186.384
SVN,2020,53.342
SVN,2021,61.582
SVN,2022,59.946
SVN,2023,69.275
SVN,2024,72.95
SVN,2025,79.603
SVN,2026,86.732
SVN,2027,90.18
SVN,2028,94.09
SWE,2020,544.266
SWE,2021,631.693
SWE,2022,575.071
SWE,2023,578.991
SWE,2024,604.827
SWE,2025,668.999
SWE,2026,760.481
SWE,2027,794.57
SWE,2028,834.286
SWZ,2020,4.136
SWZ,2021,4.807
SWZ,2022,4.747
SWZ,2023,4.621
SWZ,2024,4.855
SWZ,2025,5.166
SWZ,2026,5.792
SWZ,2027,5.961
SWZ,2028,6.19
SYC,2020,1.384
SYC,2021,1.49
SYC,2022,2.0
SYC,2023,2.172
SYC,2024,2.229
SYC,2025,2.318
SYC,2026,2.251
SYC,2027,2.449
SYC,2028,2.533
TCD,2020,14.812
TCD,2021,16.975
TCD,2022,18.052
TCD,2023,18.638
TCD,2024,20.656
TCD,2025,22.092
TCD,2026,25.628
TCD,2027,27.257
TCD,2028,29.023
TGO,2020,7.497
TGO,2021,8.546
TGO,2022,8.665
TGO,2023,9.725
TGO,2024,10.644
TGO,2025,11.899
TGO,2026,13.437
TGO,2027,14.441
TGO,2028,15.498
THA,2020,500.275
THA,2021,506.05
THA,2022,495.692
THA,2023,517.013
THA,2024,529.386
THA,2025,577.01
THA,2026,579.996
THA,2027,584.045
THA,2028,599.255
TJK,2020,8.134
TJK,2021,8.934
TJK,2022,10.716
TJK,2023,12.242
TJK,2024,14.426
TJK,2025,17.542
TJK,2026,20.418
TJK,2027,21.403
TJK,2028,22.67
TKM,2020,45.455
TKM,2021,49.477
TKM,2022,56.677
TKM,2023,62.814
TKM,2024,68.675
TKM,2025,77.398
TKM,2026,83.065
TKM,2027,87.909
TKM,2028,93.864
TLS,2020,2.163
TLS,2021,3.625
TLS,2022,3.209
TLS,2023,2.08
TLS,2024,1.866
TLS,2025,2.064
TLS,2026,2.17
TLS,2027,2.315
TLS,2028,2.466
TON,2020,0.512
TON,2021,0.521
TON,2022,0.553
TON,2023,0.596
TON,2024,0.646
TON,2025,0.68
TON,2026,0.716
TON,2027,0.753
TON,2028,0.771
TTO,2020,20.889
TTO,2021,24.223
TTO,2022,28.341
TTO,2023,25.037
TTO,2024,25.634
TTO,2025,25.932
TTO,2026,26.836
TTO,2027,28.149
TTO,2028,29.378
TUN,2020,42.494
TUN,2021,46.813
TUN,2022,44.596
TUN,2023,48.54
TUN,2024,51.331
TUN,2025,57.589
TUN,2026,60.745
TUN,2027,59.061
TUN,2028,59.611
TUR,2020,730.345
TUR,2021,827.673
TUR,2022,924.752
TUR,2023,1153.295
TUR,2024,1358.251
TUR,2025,1597.301
TUR,2026,1640.223
TUR,2027,1629.539
TUR,2028,1741.606
TUV,2020,0.053
TUV,2021,0.062
TUV,2022,0.054
TUV,2023,0.051
TUV,2024,0.056
TUV,2025,0.058
TUV,2026,0.065
TUV,2027,0.069
TUV,2028,0.072
TWN,2020,676.861
TWN,2021,776.965
TWN,2022,765.624
TWN,2023,757.387
TWN,2024,801.495
TWN,2025,920.05
TWN,2026,976.719
TWN,2027,1036.931
TWN,2028,1094.177
TZA,2020,63.373
TZA,2021,67.964
TZA,2022,74.173
TZA,2023,78.368
TZA,2024,79.236
TZA,2025,87.344
TZA,2026,94.889
TZA,2027,103.767
TZA,2028,113.93
UGA,2020,37.889
UGA,2021,42.805
UGA,2022,47.272
UGA,2023,52.038
UGA,2024,57.061
UGA,2025,66.014
UGA,2026,73.37
UGA,2027,80.198
UGA,2028,87.684
UKR,2020,156.618
UKR,2021,199.766
UKR,2022,161.99
UKR,2023,181.222
UKR,2024,190.834
UKR,2025,212.927
UKR,2026,225.337
UKR,2027,238.712
UKR,2028,251.095
URY,2020,53.557
URY,2021,60.742
URY,2022,71.247
URY,2023,79.214
URY,2024,82.323
URY,2025,85.575
URY,2026,96.092
URY,2027,100.859
URY,2028,104.917
USA,2020,21375.275
USA,2021,23725.65
USA,2022,26054.6
USA,2023,27811.5
USA,2024,29298.025
USA,2025,30767.075
USA,2026,32383.92
USA,2027,33790.035
USA,2028,35065.9
UVK,2020,7.728
UVK,2021,9.418
UVK,2022,9.375
UVK,2023,10.47
UVK,2024,11.2
UVK,2025,12.449
UVK,2026,14.053
UVK,2027,15.26
UVK,2028,16.213
UZB,2020,70.127
UZB,2021,81.17
UZB,2022,94.317
UZB,2023,107.518
UZB,2024,121.352
UZB,2025,147.069
UZB,2026,181.502
UZB,2027,203.085
UZB,2028,224.851
VCT,2020,0.864
VCT,2021,0.888
VCT,2022,0.97
VCT,2023,1.047
VCT,2024,1.126
VCT,2025,1.176
VCT,2026,1.236
VCT,2027,1.295
VCT,2028,1.356
VEN,2020,42.838
VEN,2021,56.615
VEN,2022,89.013
VEN,2023,102.378
VEN,2024,120.566
VEN,2025,99.661
VEN,2026,111.303
VEN,2027,117.908
VNM,2020,346.283
VNM,2021,370.065
VNM,2022,411.031
VNM,2023,432.981
VNM,2024,459.448
VNM,2025,494.046
VNM,2026,527.266
VNM,2027,557.405
VNM,2028,594.826
VUT,2020,1.128
VUT,2021,1.06
VUT,2022,1.13
VUT,2023,1.198
VUT,2024,1.265
VUT,2025,1.316
VUT,2026,1.396
VUT,2027,1.477
VUT,2028,1.553
WBG,2020,15.532
WBG,2021,18.109
WBG,2022,19.166
WBG,2023,18.635
WBG,2024,16.017
WE,2020,4408.697
WE,2021,5137.008
WE,2022,5873.112
WE,2023,6614.744
WE,2024,6781.194
WE,2025,7072.389
WE,2026,8008.219
WE,2027,8388.843
WE,2028,8792.133
WEOWORLD,2020,86191.637
WEOWORLD,2021,98435.19
WEOWORLD,2022,102670.358
WEOWORLD,2023,107245.572
WEOWORLD,2024,111598.554
WEOWORLD,2025,118175.485
WEOWORLD,2026,126295.331
WEOWORLD,2027,131890.665
WEOWORLD,2028,138128.89
WEQ,2020,17712.064
WEQ,2021,20174.862
WEQ,2022,19790.623
WEQ,2023,21293.383
WEQ,2024,22250.263
WEQ,2025,24102.125
WEQ,2026,26055.934
WEQ,2027,26962.119
WEQ,2028,27916.312
WHQ,2020,27542.788
WHQ,2021,30991.467
WHQ,2022,34242.123
WHQ,2023,36741.213
WHQ,2024,38475.136
WHQ,2025,40285.888
WHQ,2026,43028.492
WHQ,2027,44952.681
WHQ,2028,46754.861
WSM,2020,0.869
WSM,2021,0.86
WSM,2022,0.89
WSM,2023,1.045
WSM,2024,1.176
WSM,2025,1.288
WSM,2026,1.376
WSM,2027,1.453
WSM,2028,1.521
YEM,2020,10.783
YEM,2021,10.203
YEM,2022,11.124
YEM,2023,9.364
YEM,2024,8.058
YEM,2025,7.897
YEM,2026,7.435
YEM,2027,7.122
YEM,2028,7.005
ZAF,2020,337.876
ZAF,2021,419.878
ZAF,2022,407.43
ZAF,2023,381.334
ZAF,2024,401.076
ZAF,2025,427.141
ZAF,2026,479.964
ZAF,2027,494.409
ZAF,2028,513.063
ZMB,2020,18.138
ZMB,2021,22.096
ZMB,2022,29.164
ZMB,2023,27.578
ZMB,2024,25.303
ZMB,2025,28.88
ZMB,2026,41.243
ZMB,2027,43.263
ZMB,2028,46.098
ZWE,2020,39.962
ZWE,2021,52.413
ZWE,2022,48.57
ZWE,2023,44.372
ZWE,2024,49.154
ZWE,2025,53.474
ZWE,2026,56.713
ZWE,2027,57.406
ZWE,2028,59.827
